mp-1008223,0,0,0,27.35811,0,0,0,0,0,0,27.35811,0,0,0,0,0,0,27.35811
mp-1009639,0,0,0,-4.66015,0,0,0,0,0,0,-4.66015,0,0,0,0,0,0,-4.66015
mp-1016197,0,0,0,-2.557332,0,0,0,0,0,0,-2.557332,0,0,0,0,0,0,-4.326231
mp-10182,0,0,0,12.635967,0,0,0,0,0,0,12.635967,0,0,0,0,0,0,12.635967
mp-1020019,0,0,0,0,-0.87296,0,0,0,0,-2.734424,0,0,-2.656147,-1.760113,4.637123,0,0,0
mp-1020703,0.639252266,-0.604975307,0.376320253,1.81E-17,0.293077897,-6.55E-18,4.42E-17,-1.06E-17,6.16E-17,3.765384181,-2.04E-16,-1.664504819,-0.421793507,0.809485916,-0.904359969,-1.14E-16,-0.143036474,-5.60E-17
mp-1021328,0,0,0,-3.153091282,0,0,0,0,0,0,-3.153091282,0,0,0,0,0,0,-3.153091282
mp-10281,0,0,0,0,-1.337817433,0,0,0,0,-1.337817754,0,0,-0.619460874,-0.619461126,0.907685,0,0,0
mp-1029294,0,0,0,0,-2.968588,0,0,0,0,-5.35383,0,0,-2.02669,-3.34033,6.751186,0,0,0
mp-1029652,-4.222985,-0.581185,-0.581185,0,0,0,0,0,0,0,0,-9.651,0,0,0,0,-9.651,0
mp-10426,0,0,0,-0.36614194,0,6.348185262,-38.74908475,-46.75889799,-8.058371598,0,99.4616092,0,0,0,0,-1.597188741,0,-7.503676704
mp-1070,0,0,0,0,-4.939079306,0,0,0,0,-4.939081063,0,0,-2.374745328,-2.374746672,4.260836,0,0,0
mp-11520,0,0,0,-8.535402667,0,0,0,0,0,0,-8.535402667,0,0,0,0,0,0,-8.535402667
mp-1156,0,0,0,-4.4091,0,0,0,0,0,0,-4.4091,0,0,0,0,0,0,-4.4091
mp-11725,0,0,0,0,0,0,0,0,0,0,0,0,0,0,0,0,0,0
mp-12532,0,0,0,-4.510254,0,0,0,0,0,0,-4.510254,0,0,0,0,0,0,-10.653795
mp-12954,0,0,0,0.3087,0,0,0,0,0,0,0.3087,0,0,0,0,0,0,-0.69947
mp-13032,0,0,0,11.20258267,0,0,0,0,0,0,11.20258267,0,0,0,0,0,0,11.20258267
mp-16327,0,0,0,-7.163856,0,0,0,0,0,0,-7.163856,0,0,0,0,0,0,-7.163856
mp-16337,0,0,0,-3.0808855,0.791802,0,0,0,0,-0.791802,-3.0808855,0,-1.534876,1.534876,3.47E-17,0,0,-5.029871
mp-16566,0,0,0,1.30953051,0,0,0,0,0,0,1.30953051,0,0,0,0,0,0,4.01261762
mp-18762,23.74962712,-12.59700888,-5.127459791,0,-2.986465175,0,0,0,0,-15.0517599,0,20.60988797,-0.424808098,2.229556987,-5.723634368,0,-0.932493316,0
mp-18775,0,0,0,0,10.84110961,-13.51300631,-6.724230044,6.724229651,1.83E-07,10.77646538,0,0,2.427535373,2.427534627,-0.525681,8.85E-08,0,0
mp-18878,2.39E-05,-2.86E-05,-3.20E-05,35.11528134,-1.21E-05,-17.60519672,-0.915075052,4.180104931,-1.387932519,-1.46E-05,4.807076885,-1.59E-05,-6.43E-05,6.56E-05,8.25E-05,-88.29508043,2.45E-05,49.82508214
mp-19886,0,0,0,13.515904,0,0,0,0,0,0,13.515904,0,0,0,0,0,0,13.515904
mp-20305,0,0,0,5.784893012,0,0,0,0,0,0,5.784893012,0,0,0,0,0,0,5.784893012
mp-20351,0,0,0,-2.381321,0,0,0,0,0,0,-2.381321,0,0,0,0,0,0,-2.381321
mp-20554,0,0,0,-10.227246,0,0,0,0,0,0,-10.227246,0,0,0,0,0,0,-3.627176
mp-21272,0,0,0,3.741753667,0,0,0,0,0,0,3.741753667,0,0,0,0,0,0,3.741753667
mp-22205,0,0,0,0,-107.13719,0,0,0,0,-107.1372,0,0,-2.428817836,-2.428818164,3.700668,0,0,0
mp-22304,0,0,0,-6.63448,-1.431544,0,0,0,0,1.431544,-6.63448,0,-1.709836,1.709836,5.91E-17,0,0,-8.679032
mp-22607,0,0,0,-4.842351,-2.6773065,0,0,0,0,2.6773065,-4.842351,0,-1.669432,1.669432,-4.97E-19,0,0,-5.29244
mp-22736,0,0,0,-8.478734168,0,0,0,0,0,0,-8.478734168,0,0,0,0,0,0,-113.6604484
mp-22913,0,0,0,-17.537392,0,0,0,0,0,0,-17.537392,0,0,0,0,0,0,-17.537392
mp-22965,0,0,0,0,-12.72017798,-20.75677578,-10.37838756,10.37838665,3.18E-07,-12.72017702,0,0,1.247118368,1.247117632,61.34379,4.51E-07,0,0
mp-23339,0,0,0,-0.374,0,0,0,0,0,0,-0.374,0,0,0,0,0,0,-0.374
mp-23485,0,0,0,20.518001,-4.821306,0,0,0,0,4.821306,20.518001,0,-4.291164,4.291164,-3.69E-17,0,0,18.188454
mp-23736,0,0,0,0,0.410870019,0.100759001,0.050379501,-0.050379497,-6.49E-10,0.410869982,0,0,-1.903590166,-1.903589834,-2.193744,2.94E-08,0,0
mp-23959,0,0,0,0,1.20589,0,0,0,0,-3.334149,0,0,-0.949349,-4.007076,3.501968,0,0,0
mp-24093,0,0,0,0,-6.317130545,0,0,0,0,-6.31712597,0,0,-2.350212753,-2.350211247,5.132342,0,0,0
mp-2469,0,0,0,-7.707232,0,0,0,0,0,0,-7.707232,0,0,0,0,0,0,-7.707232
mp-27462,0,0,0,-5.266345,0,0,0,0,0,0,10.402159,0,0,0,0,0,0,3.674011
mp-27897,0,0,0,-1.919325,0,0,0,0,0,0,-2.441538,0,0,0,0,0,0,-3.443025
mp-28240,0,0,0,0,-20.28322508,11.94745081,5.972677615,-5.972677574,-2.22E-07,-20.28321128,0,0,3.425339412,3.425330529,-25.12555555,-7.45E-06,0,0
mp-28782,0,0,0,53.832642,0,0,0,0,0,0,53.832642,0,0,0,0,0,0,33.819963
mp-29379,0,0,0,9.1608,0,0,0,0,0,0,9.1608,0,0,0,0,0,0,9.1608
mp-30068,0,0,0,0,-0.888040053,-0.017720025,-0.008859978,0.008859997,3.04E-09,-0.888039947,0,0,-13.03197236,-13.03197364,-29.337777,-1.13E-06,0,0
mp-30459,0,0,0,-0.31892,0,0,0,0,0,0,-0.31892,0,0,0,0,0,0,-0.31892
mp-32539,70.865499,-26.615661,-43.112006,0,0,0,0,0,0,0,0,6.93115,0,0,0,0,3.385536,0
mp-32662,-4.38E-25,-4.38E-25,1.75E-24,-3.48E-07,-4.790188787,-6.36E-32,2.53E-25,2.53E-25,-1.01E-24,-4.790188942,-3.48E-07,3.67E-32,24.74672821,24.74673067,-74.92848668,-1.73E-22,2.99E-22,5.31E-06
mp-32880,0,0,0,0,-11.68706,0,0,0,0,16.756512,0,0,-14.984488,13.878705,1.105783,0,0,0
mp-3427,0,0,0,0.678888,0,0,0,0,0,0,-0.678888,0,0,0,0,0,0,0
mp-35082,-84.395938,3.107063,76.241348,0,0,0,0,0,0,0,0,-30.84633,0,0,0,0,41.20148,0
mp-3595,0,0,0,1.208389,0,0,0,0,0,0,1.208389,0,0,0,0,0,0,3.54787
mp-37091,0,0,0,0,0,0,0,0,0,0,3.8261125,0,0,0,0,0,0,-3.8261125
mp-3716,0,0,0,-6.249019,0,0,0,0,0,0,-6.249019,0,0,0,0,0,0,-6.249019
mp-40189,-1.35E-14,4.62E-14,4.62E-14,2.747099292,-3.40E-07,-3.40E-07,1.09E-07,-3.35E-08,-3.73E-07,-3.40E-07,2.747098612,-2.70E-14,1.09E-07,-3.73E-07,-3.35E-08,-3.40E-07,-2.70E-14,2.747098612
mp-4117,0,0,0,0,-5.281747143,0,0,0,0,-6.559012751,0,0,-6.485512907,-1.701924518,8.560722123,0,0,0
mp-42022,-4.51E-07,3.50E-08,-3.51E-07,-1.75E-13,4.512913036,1.13E-06,-2.75E-07,8.52E-07,8.98E-07,4.512913036,-1.75E-13,-3.00E-07,4.466175686,4.466175686,-4.724758217,-3.41E-07,-2.08E-07,-1.86E-13
mp-4342,0,0,0,0,5.90889,0,0,0,0,5.90889,0,0,-9.517548,-9.517548,55.708943,0,0,0
mp-4510,0,0,0,5.581541333,0,0,0,0,0,0,5.581541333,0,0,0,0,0,0,5.581541333
mp-4524,0,0,0,-1.07864,0,0,0,0,0,0,-1.07864,0,0,0,0,0,0,-2.085912
mp-4763,0,0,0,0.355608,0,0,0,0,0,0,0.355608,0,0,0,0,0,0,1.733168
mp-4779,0,0,0,0,4.376543816,0,0,0,0,4.376543833,0,0,-1.830524253,-1.830524245,19.77975128,0,0,0
mp-4840,0,0,0,-0.427208886,0,0,0,0,0,0,-0.427208886,0,0,0,0,0,0,-1.354492991
mp-4876,0,0,0,1.021358,0,0,0,0,0,0,1.021358,0,0,0,0,0,0,1.021358
mp-5222,-1.97E-17,1.95E-18,6.71E-17,1.360526057,4.29E-32,3.61E-17,1.95E-18,-1.97E-17,6.71E-17,5.61E-32,1.360526057,3.61E-17,5.07E-17,-5.07E-17,3.89E-32,3.61E-17,3.61E-17,1.360526057
mp-530399,0,0,0,0,0,0,0,0,0,0,0,0,0,0,0,0,0,0
mp-5350,0,0,0,-1.587584,0.436608,0,0,0,0,-0.436608,-1.587584,0,0.007231,-0.007231,0,0,0,-2.584665
mp-540284,-3.91E-17,-0.2407,0.2407,1.42721,0,0,0,0,0,0,-1.91595,17.721186,0,0,0,0,-17.721186,-1.91595
mp-5461,-5.38E-17,3.53E-17,2.17E-16,-10.34356891,2.68E-16,-1.58E-16,-8.27E-17,3.62E-17,-2.24E-16,2.68E-16,-10.34356891,6.47E-17,1.07E-15,5.76E-16,-7.22E-16,-9.24E-16,3.79E-16,-42.88143759
mp-546546,-0.025280256,0.025278624,-1.48E-06,0.381674962,-7.71E-07,4.98E-06,-5.88E-06,1.57E-06,-2.83E-06,1.38E-06,-0.381666099,0.05056287,0,0,0,0,0,0
mp-5492,0,0,0,2.21275,-2.762000253,0,0,0,0,-2.761999748,-2.21275,0,-0.132804072,-0.132803928,-0.828009,0,0,0
mp-549720,0,0,0,-0.179041169,0,13.47771065,-23.29736762,44.16565791,-5.24756862,0,27.50026197,0,0,0,0,5.578375833,0,-4.273689937
mp-552663,-4.75E-06,-6.09E-06,-1.39E-06,6.29529489,1.11E-05,-5.93513298,0.177479775,-1.895629055,0.180769256,-3.72E-07,-2.32395093,-2.12E-06,-6.03E-07,4.52E-07,1.22E-06,-2.423122029,-2.19E-06,-0.530169368
mp-554405,0,0,0,0,-1.872770724,-0.100528142,-0.050264066,0.050264075,-2.56E-09,-1.87277102,0,0,-0.773293963,-0.77329419,1.05428433,-1.89E-08,0,0
mp-555763,0,0,0,0,-1.985613958,-0.311463746,-0.155731902,0.155731891,3.09E-09,-1.985613363,0,0,-0.733342446,-0.733342154,1.061910993,4.09E-08,0,0
mp-556605,1.346612506,4.458408957,2.411464247,0,0,0,0,0,0,0,0,3.583843281,0,0,0,0,-11.70041176,0
mp-556788,-1.299658709,0.138971084,1.293047802,-1.312079544,0.46869381,1.559970166,0.572081222,-0.550823827,0.167049134,1.504301301,1.497141089,1.910353799,-0.08279337,2.789093266,-7.418339513,1.280269141,-0.632803985,-3.783974432
mp-557,-2.21E-21,4.51E-21,-3.41E-22,2.923115112,0,3.22E-41,0,0,0,0,-2.923115112,0,0,0,0,0,0,0
mp-557403,0,0,0,0,4.318424,0,0,0,0,4.318424,0,0,0.065365,0.065365,-1.1827,0,0,0
mp-559691,0,0,0,0.701309,0,0,0,0,0,0,10.2055475,0,0,0,0,0,0,10.2055475
mp-561412,0,0,0,-1.261366849,0,-3.378286092,-1.765189682,1.701613043,0.514126931,0,2.670582873,0,0,0,0,0.876248417,0,-1.317539325
mp-570256,0,0,0,-31.702162,0,0,0,0,0,0,-18.929547,0,0,0,0,0,0,-18.929547
mp-570485,0,0,0,0,0.410297361,6.302840556,3.167002795,-3.167002371,-1.46E-07,0.410297548,0,0,-0.570268831,-0.570269169,11.187782,1.22E-07,0,0
mp-5920,0,0,0,10.817716,0,0,0,0,0,0,10.817716,0,0,0,0,0,0,10.817716
mp-5967,0,0,0,-16.580522,0,0,0,0,0,0,-16.580522,0,0,0,0,0,0,-16.580522
mp-625150,-0.892596,-6.369406,0.459496,0,0,0,0,0,0,0,0,12.124717,0,0,0,0,0.58464,0
mp-644264,0,0,0,3.142632,0,0,0,0,0,0,3.142632,0,0,0,0,0,0,3.142632
mp-661,0,0,0,0,-2.574814208,0,0,0,0,-2.574814805,0,0,-2.152821731,-2.152822269,5.371752,0,0,0
mp-6628,4.305991032,-4.305988118,-4.31E-07,-2.119029606,0.280815462,2.98137466,1.490687484,-1.490685649,-6.34E-07,0.280816002,2.11903151,-8.611979446,-1.021657953,-1.021655904,-0.077006334,5.84E-07,-1.11E-07,-3.98E-08
mp-673245,-0.03946,1.88424,-2.01051,0,0.614016,0,0,0,0,-2.47657,0,4.891602,0.172678,-0.228321,0.293214,0,-2.603484,0
mp-675748,0,0,0,-0.85185,0,0,0,0,0,0,-0.85185,0,0,0,0,0,0,-5.1255
mp-675902,0,0,0,0,-17.78070742,11.17667096,5.588335508,-5.58833553,7.85E-09,-17.78070759,0,0,-0.429747989,-0.429748011,-2.08166,-7.83E-09,0,0
mp-675926,0,0,0,0,0,0,0,0,0,0,0,0,0,0,0,0,0,0
mp-677072,0,0,0,0,0,0,0,0,0,0,-10.695,0,0,0,0,0,0,10.695
mp-6980,0,0,0,0,-8.404176897,-8.167320222,-4.08366007,4.083659667,1.45E-07,-8.404175404,0,0,-1.451962287,-1.451961713,-0.472144,1.47E-07,0,0
mp-7140,0,0,0,0,0.180708044,0,0,0,0,0.18070798,0,0,-0.240454049,-0.240453951,0.567878,0,0,0
mp-7173,0,0,0,-4.487553,0,0,0,0,0,0,-4.487553,0,0,0,0,0,0,-4.487553
mp-7375,0,0,0,0,-310.5766052,-186.486768,-93.24337938,93.24337864,1.98E-07,-310.5765867,0,0,-5.335929952,-5.335928048,-12.44949,-1.68E-06,0,0
mp-752467,-27.26381994,-4.791761083,15.89239351,0,-26.8709819,0,0,0,0,-9.10507957,0,1.561132183,25.3563027,-9.206494842,-17.21630347,0,-26.48989627,0
mp-754629,-1.801554442,1.801554238,1.22E-07,7.145751,0,0,0,0,0,0,-7.145751,3.592320571,0,0,0,0,0,0
mp-756018,-8.015483375,8.015482507,3.42E-07,5.734710053,0,0,0,0,0,0,-5.676096201,16.06942287,0,0,0,0,0,0
mp-7595,0,0,0,4.544192,0,0,0,0,0,0,-16.690617,0,0,0,0,0,0,6.90115
mp-761872,0,0,0,3.291336,0,0,0,0,0,0,3.291336,0,0,0,0,0,0,3.291336
mp-7667,-2.274667609,-0.325404521,6.94106567,4.47E-16,0,0,0,0,0,0,2.83E-18,-1.57645092,0,0,0,0,7.347086126,-1.13E-17
mp-767409,0,0,0,0,0,0,0,0,0,0,0,0,0,0,0,0,0,0
mp-773864,0,0,0,0,69.361242,0,0,0,0,-69.361242,0,0,-1.014066,1.014066,-2.75E-18,0,0,0
mp-774192,0,0,0,0,0,0,0,0,0,0,0,0,0,0,0,0,0,0
mp-777422,0,0,0,0,0,3.7147,0.415317,7.288943,-1.881583,0,0,0,0,0,0,-0.257873,0,0
mp-7907,0,0,0,-2.0913255,-0.1857735,0,0,0,0,0.1857735,-2.0913255,0,-0.2115495,0.2115495,-2.97E-18,0,0,-2.5429
mp-7913,0,0,0,0,0.110745,0,0,0,0,0.179124,0,0,-0.335474,-0.347544,0.799231,0,0,0
mp-820,0,0,0,-6.1177,0,0,0,0,0,0,-6.1177,0,0,0,0,0,0,-6.1177
mp-8612,0,0,0,0,94.38612421,42.00609512,20.99063451,-20.99063665,1.53E-06,94.30395728,0,0,-3.058767254,-3.058766746,72.253782,-3.54E-07,0,0
mp-8624,0,0,0,-1.639854,0,0,0,0,0,0,-1.639854,0,0,0,0,0,0,-1.639854
mp-8630,0,0,0,-0.162426,0,0,0,0,0,0,-0.162426,0,0,0,0,0,0,-0.162426
mp-866291,0,0,0,-38.31826333,0,0,0,0,0,0,-38.31826333,0,0,0,0,0,0,-38.31826333
mp-8781,-117.517014,515.755923,-41.503107,0,0,0,0,0,0,0,0,31.247348,0,0,0,0,-18.810276,0
mp-8874,0,0,0,-1.691392,2.194304,0,0,0,0,-2.194304,-1.691392,0,0.1278045,-0.1278045,1.16E-19,0,0,-5.762411
mp-8880,0,0,0,0,-1.217012313,0,0,0,0,-1.217012837,0,0,-0.533456833,-0.533457167,0.859574,0,0,0
mp-9248,0,0,0,0,3.435145,0,0,0,0,-7.26432,0,0,-1.100789,0.243434,-0.504237,0,0,0
mp-9270,0,0,0,0,0,-2.338908,-0.387309,0.370761,-0.18285,0,0,0,0,0,0,-0.666729,0,0
mp-961673,0,0,0,23.17340011,0,0,0,0,0,0,23.17340011,0,0,0,0,0,0,23.17340011
mp-961684,0,0,0,-34.74865425,0,0,0,0,0,0,-34.74865425,0,0,0,0,0,0,-34.74865425
mp-961713,0,0,0,0.069009519,0,0,0,0,0,0,0.069009519,0,0,0,0,0,0,0.069009519
mp-985591,0,0,0,30.234996,0,0,0,0,0,0,30.234996,0,0,0,0,0,0,30.234996
mp-10074,0,0,0,-8.06701,0,0,0,0,0,0,-8.06701,0,0,0,0,0,0,5.091732
mp-1008523,0,0,0,0,1.5786,0,0,0,0,-1.5786,0,0,0.50484,-0.50484,-3.66E-18,0,0,0
mp-1016108,0,0,0,0,-0.49058,0,0,0,0,-1.164416,0,0,-3.8421,-3.229255,8.421339,0,0,0
mp-10194,0,0,0,-8.705066,0,0,0,0,0,0,-8.705066,0,0,0,0,0,0,-8.705066
mp-1019509,0,0,0,1.478093194,0,-0.89674692,1.576054658,-1.662817009,-0.831316947,0,2.699497533,0,0,0,0,-2.570348133,0,-1.7173552
mp-1020059,0,0,0,0,0.152382,0,0,0,0,2.87901,0,0,0.515015,1.022386,-2.058804,0,0,0
mp-1023934,1.29E-06,1.29E-06,-9.59E-07,0,0,9.042691849,4.521344822,-4.521345925,6.29E-10,0,0,-1.76E-16,0,0,0,0,0,0
mp-1025276,0,0,0,0,-7.191923,0,0,0,0,-7.191923,0,0,4.216131,4.216131,-12.82206,0,0,0
mp-1025315,0,0,0,-3.386292,0,0,0,0,0,0,-3.386292,0,0,0,0,0,0,-0.51392
mp-1025377,0,0,0,-30.7742875,0,0,0,0,0,0,-30.7742875,0,0,0,0,0,0,-34.92622
mp-1029262,0,0,0,0,6.48459,0,0,0,0,8.04438,0,0,4.958949,5.294325,-9.211967,0,0,0
mp-1029368,0,0,0,0,3.373632,0,0,0,0,4.54187,0,0,13.325216,10.39633,-30.982344,0,0,0
mp-1029791,0,0,0,0,-7.470792,0,0,0,0,-4.67177,0,0,-3.601656,-4.73704,9.216962,0,0,0
mp-10748,0,0,0,2.329705,0,0,0,0,0,0,2.329705,0,0,0,0,0,0,2.329705
mp-11607,0,0,0,0.119981751,0,0,0,0,0,0,0.119981751,0,0,0,0,0,0,0.119981751
mp-13590,0,0,0,-1.549526,0,0,0,0,0,0,-1.549526,0,0,0,0,0,0,-1.549526
mp-13725,0,0,0,0,-5.123526,0,0,0,0,-4.089112,0,0,-2.403784,-2.933176,5.390264,0,0,0
mp-13868,0,0,0,0,-6.823525,0,0,0,0,-6.702475,0,0,-3.504234,2.76781,-14.250169,0,0,0
mp-13982,0,0,0,0,-2.947128,0,0,0,0,-4.833447,0,0,-1.779941,-1.973247,3.013313,0,0,0
mp-1434,0,0,0,0,1.692943886,7.72393197,3.862081196,-3.862081833,2.12E-07,1.744500395,0,0,-0.00948,-0.00948,2.036936,0,0,0
mp-14568,9.006625,0.284845,-4.971584,0,0,0,0,0,0,0,0,-90.109418,0,0,0,0,-0.8324,0
mp-1550,0,0,0,0,0,0,0,0,0,0,0,0,0,0,0,0,0,0
mp-16363,0,0,0,-1.401229589,0,0,0,0,0,0,-1.401229589,0,0,0,0,0,0,-1.401229589
mp-18876,3.07E-17,-1.06E-16,-2.42E-17,-5.992118506,4.73E-16,1.00E-16,8.72E-17,-1.86E-17,7.34E-17,4.73E-16,-5.992118506,-7.79E-17,2.93E-15,2.93E-15,-8.18E-16,1.03E-15,-7.98E-16,-49.79142276
mp-19140,0,0,0,28.6685915,0,0,0,0,0,0,28.6685915,0,0,0,0,0,0,-496.596536
mp-19219,0,0,0,0,-14.000305,0,0,0,0,-12.185082,0,0,-8.717133,-8.556963,19.60853,0,0,0
mp-20310,0,0,0,0,9.215276,0,0,0,0,5.33127,0,0,1.972992,3.234138,-4.778616,0,0,0
mp-21255,0,0,0,5.83982,0,0,0,0,0,0,5.83982,0,0,0,0,0,0,5.83982
mp-21276,0,0,0,0,0,0,0,0,0,0,0,0,0,0,0,0,0,0
mp-2172,0,0,0,-1.496133333,0,0,0,0,0,0,-1.496133333,0,0,0,0,0,0,-1.496133333
mp-22966,0,0,0,0,20.12475554,0,0,0,0,0,0,0,-11.6934899,-3.768660767,-1.748647792,0,0,0
mp-24012,0,0,0,0,0,5.648859019,2.824429502,-2.82442948,-4.65E-09,0,0,0,0,0,0,0,0,0
mp-24066,0,0,0,0,-12.94578569,0,0,0,0,-12.94578048,0,0,7.174711991,7.174710009,-9.54204,0,0,0
mp-2542,0,0,0,0,0.016415983,0,0,0,0,0.016415993,0,0,-0.276616885,-0.276617115,0.52029,0,0,0
mp-25542,2.421188441,-1.407671914,-0.505092236,0,-16.69494366,0,0,0,0,-35.71384875,0,-1.178441256,-2.633563961,0.615423419,2.950454372,0,-0.163739977,0
mp-27255,0,0,0,0,0.1595925,0,0,0,0,0.1595925,0,0,-2.09317,-2.09317,2.081896,0,0,0
mp-27277,13.993114,-5.152078,39.051914,0,0,0,0,0,0,0,0,-77.059416,0,0,0,0,-192.992625,0
mp-27888,0,0,0,104.5333125,0,0,0,0,0,0,104.5333125,0,0,0,0,0,0,9.123748
mp-2852,0,0,0,0.500506791,0,0,0,0,0,0,0.500506791,0,0,0,0,0,0,0.500506791
mp-2894,0,0,0,-6.41607,0,0,0,0,0,0,-6.41607,0,0,0,0,0,0,-6.41607
mp-29529,0,0,0,0,-24.17235992,0,0,0,0,-24.17236334,0,0,-5.140412584,-5.140413416,8.452,0,0,0
mp-2964,0,0,0,0,0,-13.832104,0.233658,-1.433441,0.573295,0,0,0,0,0,0,9.143415,0,0
mp-29643,0,0,0,0,13.77703349,149.93911,74.99206722,-74.99206947,4.76E-07,13.87029496,0,0,-3.542046522,-3.542044515,3.463924545,-5.36E-07,0,0
mp-30460,0,0,0,-7.479864,0,0,0,0,0,0,-7.479864,0,0,0,0,0,0,-7.479864
mp-31053,0,0,0,-185.780086,0,8.18971,21.808616,3.844819,-26.374922,0,-370.893832,0,0,0,0,300.761194,0,-8.04504
mp-31455,0,0,0,46.341576,0,0,0,0,0,0,46.341576,0,0,0,0,0,0,46.341576
mp-33723,0,0,0,0,-93.71601409,6.697527368,3.35958416,-3.359583054,-4.20E-07,-93.7159886,0,0,-1.371806783,-1.371805217,-85.719168,-2.69E-06,0,0
mp-34078,0,0,0,0,-5.062909468,-9.839408681,-4.922673452,4.922673231,4.71E-07,-5.062908976,0,0,-5.427009695,-5.427006305,12.901786,-1.21E-06,0,0
mp-34169,0,0,0,-6.091624,0,0,0,0,0,0,-6.091624,0,0,0,0,0,0,-6.076474
mp-3432,0,0,0,-1.995986667,0,0,0,0,0,0,-1.995986667,0,0,0,0,0,0,-1.995986667
mp-34467,0,0,0,-2.305296,0,0,0,0,0,0,-2.305296,0,0,0,0,0,0,-1.403226
mp-3486,0,0,0,0,15.12757608,0,0,0,0,15.12758003,0,0,4.617580663,4.617583337,-4.681588,0,0,0
mp-35539,0,0,0,-0.40755,0,0,0,0,0,0,-0.40755,0,0,0,0,0,0,2.903571
mp-36111,0,0,0,3.931162667,0,0,0,0,0,0,3.931162667,0,0,0,0,0,0,3.931162667
mp-3666,-2.38E-06,-2.11E-06,6.22E-07,3.58E-06,35.72902842,-23.17667496,-11.58833607,11.58833748,-2.67E-10,35.72902842,4.16E-06,5.43E-07,-1.893166145,-1.893166376,9.321315435,-7.84E-12,1.83E-08,-1.41E-07
mp-3839,0,0,0,-4.035834,0,0,0,0,0,0,-4.035834,0,0,0,0,0,0,-4.085046
mp-38394,0,0,0,0,0,0,0,0,0,0,-5.400136553,0,0,0,0,0,0,5.400136553
mp-39681,-14.60989148,14.60988934,6.29E-07,66.02278414,-406.6935758,177.9550601,88.7425308,-88.74253021,-1.71E-07,-406.5562746,-66.25816147,29.8533467,-3.73014217,-3.73013783,-21.896832,4.34E-06,7.23E-08,0
mp-3998,-15.906429,6.112346,6.156473,0,0,0,0,0,0,0,0,41.875936,0,0,0,0,2.195469,0
mp-40204,-5.02E-15,-2.78E-16,1.36E-15,-5.04E-15,-365.1681426,3.86E-07,-8.93E-09,3.77E-07,5.97E-08,-365.1681414,-5.04E-15,-5.43E-15,-4.115252594,-4.115252534,6.774985005,5.73E-08,-1.23E-15,-2.61E-16
mp-4051,0,0,0,-7.03010796,0,0,0,0,0,0,-38.77141384,0,0,0,0,0,0,-21.54283487
mp-4163,34.482883,-19.427324,12.672905,0,0,0,0,0,0,0,0,-0.376736,0,0,0,0,90.763561,0
mp-4174,0,0,0,-4.791738333,0,0,0,0,0,0,-4.791738333,0,0,0,0,0,0,-4.791738333
mp-422,0,0,0,-2.40219,0,0,0,0,0,0,-2.40219,0,0,0,0,0,0,-2.40219
mp-4236,-11.60568377,11.60568327,2.52E-07,3.064079503,0,0,0,0,0,0,-3.064079497,23.28079571,0,0,0,0,0,0
mp-4899,0,0,0,-0.619885,0,0,0,0,0,0,-0.619885,0,0,0,0,0,0,6.106968
mp-5012,0,0,0,0,2.633917,0,0,0,0,0.6707,0,0,-4.513205,-3.406442,10.913215,0,0,0
mp-5213,0,0,0,0.4478225,0,0,0,0,0,0,0.4478225,0,0,0,0,0,0,-2.031286
mp-541937,0,0,0,0,12.62609019,1.463911076,0.731955473,-0.73195547,-1.23E-09,12.62608899,0,0,-1.969553739,-1.969554261,40.873648,1.79E-07,0,0
mp-545820,0,0,0,0,0,0,0,0,0,0,0,0,0,0,0,0,0,0
mp-545974,1.79E-22,3.09E-22,-6.64E-22,2.91E-08,-5.444818931,2.26E-22,1.16E-22,4.10E-23,-3.70E-22,-5.444818808,2.91E-08,-1.30E-22,-1.556199691,-1.556199625,3.116336913,9.98E-22,1.67E-21,4.30E-08
mp-550433,0,0,0,3.1175,0,0,0,0,0,0,3.1175,0,0,0,0,0,0,4.336525
mp-5515,0,0,0,-0.278178333,0,0,0,0,0,0,-0.278178333,0,0,0,0,0,0,-0.278178333
mp-5518,0,0,0,8.25192,0,0,0,0,0,0,8.25192,0,0,0,0,0,0,-3.005055
mp-555229,-1.532468,-3.130405,13.287607,0,8.420265,0,0,0,0,-7.874646,0,-15.308951,7.64454,-6.649885,-2.010145,0,2.519435,0
mp-556609,0,0,0,-0.318166546,0,-10.66035854,11.80752177,-22.02805607,-13.615593,0,-5.777521388,0,0,0,0,-57.38901785,0,-17.20038189
mp-560588,0,0,0,0,-1.961414357,0,0,0,0,-1.961413195,0,0,-0.920430485,-0.920429515,1.180026,0,0,0
mp-561075,0,0,0,13.72691029,0,-1.181986374,6.055011371,-13.141301,2.459140088,0,41.38537557,0,0,0,0,-3.707179148,0,12.86546606
mp-568619,0,0,0,0,0.366984977,-0.341757988,-0.170878993,0.170879016,-2.49E-09,0.366985041,0,0,0.018937998,0.018938002,0.020823,-9.47E-10,0,0
mp-569346,0,0,0,0,6.017489729,0,0,0,0,6.017490386,0,0,1.291371895,1.291372105,-2.174858,0,0,0
mp-570437,3.09E-17,-1.53E-08,-1.54E-17,1.82E-06,17.70144335,-0.148623044,-0.074311513,0.074311522,2.05E-17,17.70144333,1.82E-06,-3.06E-08,-0.019481203,-0.019481206,0.938333169,1.31E-18,-2.02E-18,-4.01E-09
mp-571636,76.066824,-17.735671,-21.554353,0,0,0,0,0,0,0,0,4.092784,0,0,0,0,18.538713,0
mp-606393,0,0,0,-2.581365,0,0,0,0,0,0,0.90454,0,0,0,0,0,0,0.90454
mp-612740,0,0,0,-1.489532,-2.30782421,0,0,0,0,-2.307823793,1.489532,0,2.282003458,2.282002542,0.286406,0,0,0
mp-618991,0,0,0,-211.47885,0,0,0,0,0,0,211.47885,0,0,0,0,0,0,0
mp-625054,-0.34945,-5.051891,0.068148,0,0,0,0,0,0,0,0,13.874964,0,0,0,0,-0.565561,0
mp-640889,0,0,0,0,0.60099,0,0,0,0,0.48477,0,0,0.44611,-0.76811,-0.054359,0,0,0
mp-643009,21.112472,-2.740612,-10.867693,0,0,0,0,0,0,0,0,-10.373572,0,0,0,0,2.477864,0
mp-675180,0,0,0,0,-7.298936338,5.907181852,2.964061912,-2.964062234,1.16E-07,-7.325464687,0,0,-1.22060769,-1.22060831,-1.768988,2.08E-07,0,0
mp-675324,3.726175363,-1.213234854,-6.938431069,1.72E-15,6.52E-16,2.86E-32,-2.31E-32,1.82E-31,-5.44E-32,1.93E-15,9.07E-15,-106.2051107,-4.72E-16,-1.09E-15,3.69E-15,5.78E-31,-79.04348279,2.26E-14
mp-6867,0,0,0,0,0,10.97468179,5.504224815,-5.504224145,-1.92E-07,0,0,0,0,0,0,0,0,0
mp-690542,40.504744,-16.776514,-16.776514,-3.82E-16,0,0,0,0,0,0,0.7701515,0.334819,0,0,0,0,0.334819,-0.7701515
mp-6930,1.776543993,-1.776544216,1.19E-10,1.283894223,-8.48E-08,1.88E-08,-3.94E-07,-4.04E-07,1.91E-08,-2.50E-07,-1.283894064,-3.553087991,0,0,0,0,0,0
mp-7000,1.751111993,-1.751112279,8.86E-11,-1.230356428,1.14E-07,2.04E-08,-4.98E-07,-5.08E-07,3.69E-08,3.16E-07,1.230356228,-3.502223989,0,0,0,0,0,0
mp-703260,-6.717614338,0.856356534,1.185763602,-2.549026052,-3.097260803,7.10862387,1.640259858,2.230657806,-0.573652148,3.25707924,2.067096628,-7.956961313,0.484850375,-1.157630235,5.188886266,-0.881779508,-1.287470265,2.74947252
mp-7457,0,0,0,3.7930865,0,0,0,0,0,0,-3.7930865,0,0,0,0,0,0,0
mp-753197,-0.623254833,-2.222658106,2.379090746,6.045779588,-0.72277636,24.6002626,0.766127044,5.543432469,-0.635204467,0.180941649,1.102642699,-2.213299442,0.107780549,0.513643189,-0.53788249,11.2578013,1.300435586,1.088756144
mp-754954,0,0,0,0.862938,0,0,0,0,0,0,-6.49236,0,0,0,0,0,0,-1.199198
mp-755293,0,0,0,0,0,0,0,0,0,0,0,0,0,0,0,0,0,0
mp-759877,0,0,0,-15.238072,0,0,0,0,0,0,-15.238072,0,0,0,0,0,0,-15.238072
mp-769365,0,0,0,0,3.994061,0,0,0,0,16.469372,0,0,-11.803888,13.411452,-5.061499,0,0,0
mp-777801,0,0,0,0,0,0,0,0,0,0,0,0,0,0,0,0,0,0
mp-779689,0,0,0,2.211041,0,0,0,0,0,0,2.211041,0,0,0,0,0,0,2.211041
mp-7798,0,0,0,0,-5.753176,0,0,0,0,-2.81064,0,0,-1.692549,-3.582501,5.68227,0,0,0
mp-7812,0,0,0,-0.335054,0,0,0,0,0,0,0.335054,0,0,0,0,0,0,0
mp-7849,0,0,0,2.01096,-4.58318,0,0,0,0,4.58318,2.01096,0,-2.183752,2.183752,1.69E-17,0,0,12.446771
mp-7909,0,0,0,-3.937476,0.464778,0,0,0,0,-0.464778,-3.937476,0,-0.11231,0.11231,3.31E-18,0,0,-4.638112
mp-7931,-2.36295674,2.36295675,-3.12E-09,0,0,0,0,0,0,0,0,4.725913509,0,0,0,0,0,0
mp-8062,0,0,0,0.609588,0,0,0,0,0,0,0.609588,0,0,0,0,0,0,0.609588
mp-8389,0,0,0,0,10.07713377,0,0,0,0,10.07713323,0,0,4.330959152,4.330958848,-10.956096,0,0,0
mp-849459,0.710348203,-1.895524228,-0.369643123,1.16E-06,-5.92406696,1.06E-06,6.69E-07,9.45E-07,1.35E-07,-6.081764396,2.06E-06,-10.19152399,-0.052140618,-5.620560791,7.836635127,1.09E-06,-16.31772007,2.39E-06
mp-850878,-1.06E-09,-4.87E-09,4.92E-10,-9.42E-09,-8.77E-10,0.195499741,1.643364245,23.96416425,-7.491321553,-2.02E-07,-4.44E-08,-7.62E-07,3.09E-09,3.86E-08,4.86E-09,-3.595504723,6.40E-08,2.77E-07
mp-850916,21.27694194,-16.22656367,-0.966421481,-0.000880312,7.16084172,-0.00521119,0.000248554,0.000153431,-0.000289883,-6.216972671,0.000761312,-2.021163262,2.918951015,-5.165586549,-2.776307018,-0.001629536,5.655136208,0.00134135
mp-863076,0,0,0,-356.803872,0,-383.146124,-11.911378,18.950086,18.248272,0,-14.538097,0,0,0,0,-13.954344,0,-166.804532
mp-8881,0,0,0,0,-0.043784924,0,0,0,0,-0.043784906,0,0,-0.067713038,-0.067712962,-0.105732,0,0,0
mp-8976,0,0,0,68.2395,0,0,0,0,0,0,68.2395,0,0,0,0,0,0,-3.720389
mp-961706,0,0,0,7.382153827,0,0,0,0,0,0,7.382153827,0,0,0,0,0,0,7.382153827
mp-961711,-4.14E-16,6.06E-16,1.08E-15,-11.42277726,-1.29E-31,9.60E-16,6.06E-16,-4.14E-16,1.08E-15,-1.93E-31,-11.42277726,9.60E-16,5.32E-16,-5.32E-16,-1.48E-31,9.60E-16,9.60E-16,-11.42277726
mp-985584,0,0,0,461.071212,0,0,0,0,0,0,461.071212,0,0,0,0,0,0,461.071212
mp-1008528,0,0,0,0,-0.18306,0,0,0,0,0.18306,0,0,-0.119505,0.119505,3.70E-19,0,0,0
mp-1008559,0,0,0,0,-0.344090088,0,0,0,0,-0.344089907,0,0,-0.197947056,-0.197946944,0.528153,0,0,0
mp-1009130,0,0,0,7.028769,0,0,0,0,0,0,7.028769,0,0,0,0,0,0,7.028769
mp-1009894,0,0,0,-6.71988,0,0,0,0,0,0,-6.71988,0,0,0,0,0,0,-6.71988
mp-1013911,0,0,0,6.207205,0,0,0,0,0,0,-29.949794,0,0,0,0,0,0,-29.949794
mp-1014244,0,0,0,0,-20.6592331,-22.69239874,-11.46081397,11.46081518,-3.54E-07,-20.65923786,0,0,-0.45709296,-0.45709304,1.502166,-6.17E-09,0,0
mp-10161,0,0,0,0,0,8.109628893,4.054814496,-4.054814612,1.26E-08,0,0,0,0,0,0,0,0,0
mp-1017534,0,0,0,0,0.6395585,0,0,0,0,-0.6395585,0,0,-0.209592,0.209592,-2.24E-18,0,0,0
mp-1018100,0,0,0,0,0.740270294,0,0,0,0,0.740142879,0,0,0.486257534,0.486159324,-1.127074968,0,0,0
mp-1019086,0,0,0,-1.317395,0,0,0,0,0,0,-1.317395,0,0,0,0,0,0,-0.073032
mp-1019380,0,0,0,0.793815,0,0,0,0,0,0,0.793815,0,0,0,0,0,0,0.793815
mp-1021511,0,0,0,0,-92.50088884,10.40622442,5.203111924,-5.203111622,8.43E-07,-92.50087485,0,0,-6.382632955,-6.382631045,-63.800448,1.43E-06,0,0
mp-1025340,0,0,0,188.713304,0,0,0,0,0,0,188.713304,0,0,0,0,0,0,-10.129688
mp-1029404,0,0,0,0,-3.017664,0,0,0,0,6.855981,0,0,-1.12509,0.938487,0.888291,0,0,0
mp-1029408,0,0,0,0,2.823128,0,0,0,0,2.228929,0,0,12.133047,8.265036,-27.344634,0,0,0
mp-1029442,0,0,0,0,3.347732,0,0,0,0,2.767768,0,0,10.338376,6.693816,-22.431154,0,0,0
mp-1029469,0,0,0,0,-0.673256,0,0,0,0,2.838,0,0,-2.814218,-2.980697,4.224097,0,0,0
mp-10519,2.68801,-1.654101,-1.774163,0,-0.552156,0,0,0,0,-3.9556,0,-2.892858,0.15692,-2.230526,2.70642,0,-1.249497,0
mp-10967,0,0,0,1.41504,0,0,0,0,0,0,1.41504,0,0,0,0,0,0,1.709928
mp-11191,0,0,0,2.605860601,-3.41E-07,0,0,0,0,3.41E-07,-2.605860874,0,0,0,0,0,0,0
mp-11714,0,0,0,0,-0.400553965,0,0,0,0,-0.400554026,0,0,0.031114998,0.031115002,-0.122815,0,0,0
mp-11869,0,0,0,1.005551333,0,0,0,0,0,0,1.005551333,0,0,0,0,0,0,1.005551333
mp-12779,0,0,0,0,-1.237491637,0,0,0,0,-1.237491923,0,0,-0.746408806,-0.746409194,0.716641,0,0,0
mp-13031,0,0,0,-10.42493,0,0,0,0,0,0,-10.42493,0,0,0,0,0,0,-10.42493
mp-13033,0,0,0,-8.841173667,0,0,0,0,0,0,-8.841173667,0,0,0,0,0,0,-8.841173667
mp-1479,0,0,0,-0.114372,0,0,0,0,0,0,-0.114372,0,0,0,0,0,0,-0.114372
mp-14983,0.418516992,0.052031452,-0.220024525,-0.484372929,0.936382763,-0.636658236,-0.186440558,0.013007621,0.341899232,0.19737148,-0.296580778,0.066631812,0.674566328,0.000604812,-0.530034803,0.446216337,-0.404134099,-0.40675691
mp-15776,0,0,0,-0.71021,0.982855,0,0,0,0,-0.982855,-0.71021,0,0.625624,-0.625624,1.15E-17,0,0,-1.436297
mp-15951,1.498373656,-1.498373631,-3.52E-10,-0.709171016,-1.18E-08,9.79E-10,3.59E-08,3.54E-08,-3.48E-09,-1.94E-08,0.709171025,-2.996747304,0,0,0,0,0,0
mp-16238,0,0,0,0.785594,0,0,0,0,0,0,0.785594,0,0,0,0,0,0,0.785594
mp-17862,0,0,0,-2.328794872,0,0,0,0,0,0,-2.328794872,0,0,0,0,0,0,-2.328794872
mp-1818,0,0,0,16.68615167,0,0,0,0,0,0,16.68615167,0,0,0,0,0,0,16.68615167
mp-18849,0,0,0,0,0,0,0,0,0,0,0,0,0,0,0,0,0,0
mp-19052,0,0,0,28.489747,0,0,0,0,0,0,28.489747,0,0,0,0,0,0,54.736728
mp-19241,0,0,0,0,9.106395026,0,0,0,0,9.106392917,0,0,9.014494302,9.014483698,77.682998,0,0,0
mp-20025,0,0,0,-1.381598,-0.579328,0,0,0,0,0.579328,-1.381598,0,1.265446,-1.265446,-1.73E-17,0,0,-5.461904
mp-20474,0,0,0,0,1.993888,0,0,0,0,1.117694,0,0,1.459665,1.549132,-2.585897,0,0,0
mp-20790,0,0,0,1.700272,-0.372419,0,0,0,0,0.372419,1.700272,0,-6.962814,6.962814,-8.51E-16,0,0,-15.610874
mp-21374,0,0,0,-5.495094,-2.631717,0,0,0,0,2.631717,-5.495094,0,-2.881012,2.881012,4.96E-17,0,0,-7.070651
mp-21855,0,0,0,9.25281,0,0,0,0,0,0,9.25281,0,0,0,0,0,0,9.25281
mp-22889,0,0,0,0,11.796435,0,0,0,0,6.765066,0,0,-6.606972,14.707239,-7.494664,0,0,0
mp-22894,0,0,0,0,-18.21648477,0,0,0,0,-18.21649004,0,0,-5.371052345,-5.371055655,10.226788,0,0,0
mp-2293,0,0,0,-12.98749,0,0,0,0,0,0,-12.98749,0,0,0,0,0,0,-12.98749
mp-230,0,0,0,0,0,17.08890885,-3.091015541,0.637674034,-1.018634941,0,0,0,0,0,0,-2.868991724,0,0
mp-23330,0,0,0,0.77256,0,0,0,0,0,0,0.77256,0,0,0,0,0,0,0.77256
mp-23803,0,0,0,0,0,9.728234,3.654412,7.772923,-4.156061,0,0,0,0,0,0,-4.721733,0,0
mp-2414,0,0,0,0,9.255016,0,0,0,0,5.5272,0,0,-0.459284,-1.481951,4.558105,0,0,0
mp-27253,0,0,0,0,-8.13502,0,0,0,0,1.051006,0,0,-2.86162,-0.87973,1.598662,0,0,0
mp-28336,0,0,0,10.294638,0,0,0,0,0,0,7.89012,0,0,0,0,0,0,9.966773
mp-28797,0,0,0,0,0,-5.414722544,-2.723769506,2.723769449,1.18E-08,0,0,0,0,0,0,0,0,0
mp-29091,0,0,0,4.831624,0,0,0,0,0,0,4.831624,0,0,0,0,0,0,0.606744
mp-29157,-0.139429739,0.218753311,0.122373471,-0.291315425,0.620290102,-1.892975634,0.656875839,-2.426077304,0.977703752,1.074189569,-0.641351752,2.145788992,-0.535087176,-0.13199129,0.952072516,-1.893548963,0.755550607,-0.04068255
mp-29816,0,0,0,2.220625,0,0,0,0,0,0,-2.220625,0,0,0,0,0,0,0
mp-30161,0,0,0,0,0.093357,0,0,0,0,-358.451075,0,0,0.428633,0.843523,-0.936324,0,0,0
mp-3038,0,0,0,6.932312,4.510872,0,0,0,0,-4.510872,6.932312,0,1.57498,-1.57498,-1.27E-16,0,0,4.891666
mp-30530,0,0,0,-24.26395467,0,0,0,0,0,0,-24.26395467,0,0,0,0,0,0,-24.26395467
mp-3161,0,0,0,8.235024,0,0,0,0,0,0,8.235024,0,0,0,0,0,0,8.235024
mp-32884,0,0,0,0,0,0,0,0,0,0,0,0,0,0,0,0,0,0
mp-3519,0,0,0,-11.519838,0,0,0,0,0,0,-11.519838,0,0,0,0,0,0,-11.519838
mp-41219,1.21E-14,-3.17E-14,-3.17E-14,1.833464174,2.27E-07,-2.27E-07,9.76E-08,-2.82E-08,-2.56E-07,2.27E-07,1.833464629,2.42E-14,-9.76E-08,2.56E-07,2.82E-08,-2.27E-07,2.42E-14,1.833464629
mp-4175,0,0,0,1.6876005,0,0,0,0,0,0,1.6876005,0,0,0,0,0,0,1.460164
mp-4681,-22.246577,8.804063,-16.520116,0,0,0,0,0,0,0,0,-106.219352,0,0,0,0,-154.294239,0
mp-5046,0,0,0,0.69948,-0.223646,0,0,0,0,0.223646,0.69948,0,-0.716675,0.716675,8.23E-17,0,0,-4.135139
mp-504908,-1.141804532,1.141804497,2.05E-08,-1.914258501,0,0,0,0,0,0,1.914258499,2.269273722,0,0,0,0,0,0
mp-510657,0,0,0,995.385898,0,0,0,0,0,0,995.385898,0,0,0,0,0,0,22.981416
mp-5246,0,0,0,0,0,-55.67437,12.654995,23.238458,-9.856093,0,0,0,0,0,0,0,0,0
mp-545756,0,0,0,-32.162368,0,0,0,0,0,0,-32.162368,0,0,0,0,0,0,-32.162368
mp-546500,0,0,0,0,30.12245881,-3.643235772,-1.81556034,1.815559843,1.22E-07,30.12245339,0,0,2.836220551,2.836219449,-0.010746,8.32E-07,0,0
mp-546794,0,0,0,-1.176743814,0,0,-2.91E-20,-1.52E-20,9.46E-21,0,-1.176743814,-9.81E-45,9.58E-25,-2.45E-23,4.74E-24,0,-4.08E-44,-5.177870032
mp-548403,0,0,0,-16522.97429,0,0,0,0,0,0,-29.17161193,0,0,0,0,0,0,5.341678812
mp-550070,0,0,0,0.241556377,0,-9.201544741,-13.46597418,-31.83942538,4.440686417,0,6.96756206,0,0,0,0,-6.216750146,0,2.844564643
mp-5513,0,0,0,-127.9905293,0,0,0,0,0,0,-127.9905293,0,0,0,0,0,0,-127.9905293
mp-551918,7.97E-07,3.21E-06,-8.03E-08,-7.85E-06,71.61727844,-35.60862205,-17.80430954,17.80430693,1.02E-07,71.6172609,-5.89E-06,4.82E-06,3.399214261,3.399210055,17.61269219,-2.14E-06,1.67E-06,-3.67E-06
mp-552185,0,0,0,0,23.59106319,17.33230942,8.6898537,-8.689852813,-6.93E-07,23.59105808,0,0,12.31288772,12.31288628,-36.018935,-4.42E-07,0,0
mp-553932,0,0,0,-4.15654,0,0,0,0,0,0,-60.911295,0,0,0,0,0,0,0.888723
mp-554573,0,0,0,0,14.03959217,0,0,0,0,0.940400336,0,0,0.389421068,-0.657554026,0.050608131,0,0,0
mp-567278,0,0,0,0,5.068975,0,0,0,0,-2.79734,0,0,4.230674,-2.633049,2.386423,0,0,0
mp-567771,0,0,0,0,-5.238002,0,0,0,0,4.977324,0,0,-77.861701,205.459016,58.700981,0,0,0
mp-568269,0,0,0,6.365757667,0,0,0,0,0,0,6.365757667,0,0,0,0,0,0,6.365757667
mp-568536,65.5601842,-65.56019586,1.03E-06,0,0,5.21E-15,5.25E-08,5.25E-08,-1.29E-08,0,0,-131.1203768,0,0,0,0,0,0
mp-569600,0,0,0,13.83667333,0,0,0,0,0,0,13.83667333,0,0,0,0,0,0,13.83667333
mp-570744,0,0,0,7.15701,0,0,0,0,0,0,7.15701,0,0,0,0,0,0,7.15701
mp-570935,0,0,0,0,-14.04940291,0,0,0,0,-14.04939524,0,0,-6.543474258,-6.543469742,12.956202,0,0,0
mp-5777,0,0,0,0,0,102.240755,-17.162924,-28.868592,12.74645,0,0,0,0,0,0,0,0,0
mp-5784,0,0,0,0,1.967574,0,0,0,0,-6.174238,0,0,-7.312812,-3.728962,16.273817,0,0,0
mp-5853,0,0,0,0,0.60615,0,0,0,0,-4.106112,0,0,-0.653933,-1.715952,2.565138,0,0,0
mp-6408,0,0,0,1.084751,0,0,0,0,0,0,1.084751,0,0,0,0,0,0,0.167097
mp-644271,-6.52E-16,1.78E-16,2.34E-16,0,4.922663756,0,0,0,0,56.07274774,0,-1.24E-15,-4.641859595,-1.937847276,10.38166411,0,2.40E-16,0
mp-6564,0,0,0,3.30534,0,0,0,0,0,0,-1.53386,0,0,0,0,0,0,-1.53386
mp-672,0,0,0,0,-9.086240342,0,0,0,0,-9.086235164,0,0,-3.563357506,-3.563354494,7.040536,0,0,0
mp-6945,0,0,0,0.046842265,0,0,0,0,0,0,-0.04675856,0,0,0,0,0,0,0
mp-7440,0,0,0,17.629246,0,0,0,0,0,0,-42.804324,0,0,0,0,0,0,9.763655
mp-752415,0,0,0,0,0,1.038581,-9.905645,20.360818,-2.225504,0,0,0,0,0,0,0,0,0
mp-753671,0,0,0,-1.755375,0,0,0,0,0,0,-7.455726,0,0,0,0,0,0,-0.14535
mp-754401,0,0,0,0,4.252,0,0,0,0,-14.775499,0,0,-1.743129,-2.201383,1.813368,0,0,0
mp-754812,0,0,0,0,0,0,0,0,0,0,0,0,0,0,0,0,0,0
mp-755543,0,0,0,0,0,3.54206,0.14251,6.384384,-1.685934,0,0,0,0,0,0,0,0,0
mp-755568,-7.36E-07,9.18E-06,-8.55E-06,-5.48E-06,-118.6656325,83.42498797,41.71247807,-41.71248588,2.19E-06,-118.6656404,2.37E-06,5.05E-06,-4.943766297,-4.943769392,-17.93161676,4.88E-06,-4.80E-06,-3.19E-06
mp-7575,0,0,0,-7.425706,0,0,0,0,0,0,-7.425706,0,0,0,0,0,0,-7.425706
mp-7581,-2.21E-06,-2.20E-06,1.00E-06,-3.72E-07,2.800148619,9.48368843,4.741845257,-4.741841449,-1.32E-06,2.800053133,-1.66E-06,7.60E-09,-0.030216781,-0.030216771,3.680187655,-7.56E-18,-4.26E-18,1.73E-08
mp-758604,0,0,0,132.997665,0,0,0,0,0,0,132.997665,0,0,0,0,0,0,78.933432
mp-7631,0,0,0,0,-0.487966534,0,0,0,0,-0.487966473,0,0,-0.043282004,-0.043281996,0.042944,0,0,0
mp-769218,0,0,0,0.969084,0,8.386626,-14.123706,-1.843012,1.796014,0,-114.288788,0,0,0,0,2.421885,0,67.055485
mp-775296,0,0,0,0,23.2559175,0,0,0,0,-23.2559175,0,0,2.431936,-2.431936,5.26E-17,0,0,0
mp-775761,0,0,0,-1.823624,0,0,0,0,0,0,-1.823624,0,0,0,0,0,0,-1.823624
mp-776911,0,0,0,0,9.04118016,0,0,0,0,9.041179834,0,0,4.137220106,4.137219894,-9.23589,0,0,0
mp-7787,0,0,0,-10.50795,0,0,0,0,0,0,-10.50795,0,0,0,0,0,0,-10.50795
mp-7801,0,0,0,-6.81915,0,0,0,0,0,0,-6.81915,0,0,0,0,0,0,-4329.58112
mp-7868,0,0,0,0,9.293707523,0,0,0,0,9.293712493,0,0,0.032431996,0.032432004,-1.820635,0,0,0
mp-7885,0,0,0,0,-31.77722058,-44.27713565,-21.9786679,21.97866991,-5.55E-07,-31.77722583,0,0,1.257221933,1.257222067,-3.399918,-1.90E-08,0,0
mp-7908,0,0,0,-1.644435,-0.789945,0,0,0,0,0.789945,-1.644435,0,-0.573695,0.573695,-2.11E-17,0,0,-2.196199
mp-7910,0,0,0,-5.0821225,2.108015,0,0,0,0,-2.108015,-5.0821225,0,0.083817,-0.083817,5.33E-19,0,0,-4.532419
mp-8016,0,0,0,1.093632,0,0,0,0,0,0,1.093632,0,0,0,0,0,0,1.067388
mp-830,0,0,0,0.874616,0,0,0,0,0,0,0.874616,0,0,0,0,0,0,0.874616
mp-8377,0,0,0,14.11869413,0,0,0,0,0,0,4.111707525,0,0,0,0,0,0,-1.14487015
mp-8703,0,0,0,-214.214364,0,0,0,0,0,0,-214.214364,0,0,0,0,0,0,-214.214364
mp-8938,0,0,0,-4.62987,0,0,0,0,0,0,4.62987,0,0,0,0,0,0,0
mp-8943,0,0,0,0,-5.489069,0,0,0,0,-4.6374,0,0,-2.044605,-0.5902,-9.622935,0,0,0
mp-9063,-3.541900487,3.541900499,-6.23E-09,0,0,0,0,0,0,0,0,7.088324514,0,0,0,0,0,0
mp-924128,0,0,0,-1.916596,0,0,0,0,0,0,-1.916596,0,0,0,0,0,0,-1.916596
mp-9437,0,0,0,-34.31241867,0,0,0,0,0,0,-34.31241867,0,0,0,0,0,0,-34.31241867
mp-9490,0,0,0,11.654021,0,0,0,0,0,0,11.654021,0,0,0,0,0,0,11.872564
mp-971661,0,0,0,0.04224,0,0,0,0,0,0,0.04224,0,0,0,0,0,0,0.04224
mp-971712,0,0,0,0,4.4039435,0,0,0,0,-4.4039435,0,0,2.0712,-2.0712,-4.09E-17,0,0,0
mp-972808,-2.096755379,0.617209714,-0.02656438,-5.478306431,0.137990278,-4.01972616,0.30373615,-0.231576176,0.173230593,-0.272029236,1.00816262,1.298961282,1.195608834,-0.30742269,0.349745651,-2.91753261,0.359890757,8.447478423
mvc-13239,-298.4194358,107.5385343,227.1512171,-3857.929446,27.84860799,1440.900223,-396.8176565,132.0836666,296.5404504,-5022.669644,46.53552501,1677.507592,249.6132255,-78.58328011,-181.8621843,3073.793491,-29.98901158,-1053.765778
mvc-15643,0,0,0,-0.630137289,0,0,0,0,0,0,2.121043122,0,0,0,0,0,0,-0.032968549
mp-1007823,0,0,0,0,2.1639625,0,0,0,0,-2.1639625,0,0,1.202946,-1.202946,0,0,0,0
mp-1009088,0,0,0,1.275975,0,0,0,0,0,0,1.275975,0,0,0,0,0,0,1.683354
mp-1009820,0,0,0,-0.751050667,0,0,0,0,0,0,-0.751050667,0,0,0,0,0,0,-0.751050667
mp-1019508,0,0,0,1.528735,0,0,0,0,0,0,1.528735,0,0,0,0,0,0,1.528735
mp-1023924,0,0,0,0,0,7.464090948,3.732045099,-3.732043953,-6.11E-07,0,0,0,0,0,0,0,0,0
mp-1029312,0,0,0,33.692033,0,0,0,0,0,0,33.692033,0,0,0,0,0,0,15.720605
mp-1029633,0,0,0,0,-8.973477,0,0,0,0,-4.300813,0,0,-2.375492,-18.800049,27.700815,0,0,0
mp-1039,0,0,0,0,-10.15244128,0,0,0,0,-10.15244528,0,0,-3.39915914,-3.39916086,6.820642,0,0,0
mp-11738,0,0,0,0,5.696604,0,0,0,0,14.914572,0,0,7.119747,5.852958,-10.835708,0,0,0
mp-12015,0,0,0,-2.6635875,0,0,0,0,0,0,-2.6635875,0,0,0,0,0,0,15.81365
mp-1345,-1.569831589,1.569831922,-2.06E-08,0,0,-1.87E-14,-1.80E-07,-1.80E-07,2.94E-08,0,0,3.139663429,0,0,0,0,0,0
mp-13456,0,0,0,0,-1.092066783,-0.118702865,-0.060916777,0.060916783,-1.91E-09,-1.092714877,0,0,-0.502481243,-0.502481366,0.807474281,-9.72E-09,0,0
mp-14433,0,0,0,0,0.2156,0,0,0,0,-4.877802,0,0,0.015361,-1.73924,2.093204,0,0,0
mp-1541,0,0,0,3.68219,0,0,0,0,0,0,3.68219,0,0,0,0,0,0,3.68219
mp-15687,0,0,0,0,0,5.941649674,2.990630484,-2.990630844,4.35E-08,0,0,0,0,0,0,0,0,0
mp-15701,0,0,0,-2.87766,0,0,0,0,0,0,-2.87766,0,0,0,0,0,0,-10.083128
mp-15704,0,0,0,0.593964,0,0,0,0,0,0,0.593964,0,0,0,0,0,0,0.507452
mp-1572,0,0,0,0,0,-6.621717413,-3.310858553,3.310858034,1.98E-07,0,0,0,0,0,0,0,0,0
mp-15777,0,0,0,-0.6088,-2.0934,0,0,0,0,2.0934,-0.6088,0,-1.536,1.536,-2.14E-17,0,0,-1.10058
mp-16329,0,0,0,-6.958237,0,0,0,0,0,0,-6.958237,0,0,0,0,0,0,-6.958237
mp-1778,0,0,0,0.62218,0,0,0,0,0,0,0.62218,0,0,0,0,0,0,0.62218
mp-189,0,0,0,9.770175,0,0,0,0,0,0,9.770175,0,0,0,0,0,0,9.770175
mp-19412,0,0,0,210.25327,0,0,0,0,0,0,210.25327,0,0,0,0,0,0,-17.00295
mp-19833,0,0,0,-12.351704,0,0,0,0,0,0,-12.351704,0,0,0,0,0,0,-8.128164
mp-20191,0,0,0,0,-8.7923,0,0,0,0,8.7923,0,0,-31.10184,31.10184,-3.64E-16,0,0,0
mp-20459,0,0,0,0,92.580876,0,0,0,0,92.580876,0,0,-8.187844,-8.187844,81.28353,0,0,0
mp-20526,68.373488,-349.944159,-10.849177,0,0,0,0,0,0,0,0,-272.896448,0,0,0,0,209.6379,0
mp-2176,0,0,0,4.032678,0,0,0,0,0,0,4.032678,0,0,0,0,0,0,4.032678
mp-22253,0,0,0,0,17.3225741,-5.270236098,-2.635118301,2.635118546,-1.30E-07,17.32257806,0,0,-2.617750588,-2.617749412,39.102055,3.19E-07,0,0
mp-22464,0,0,0,0,0,12.955549,-0.633098,11.036225,-4.188657,0,0,0,0,0,0,-19.040355,0,0
mp-22756,0,0,0,0,-10.079685,0,0,0,0,71.88815,0,0,-15.812648,10.944138,5.529808,0,0,0
mp-22895,0,0,0,-6.309895,0,0,0,0,0,0,-6.309895,0,0,0,0,0,0,-6.309895
mp-22908,0,0,0,0,0,0,0,0,0,0,0,0,0,0,0,0,0,0
mp-22914,0,0,0,55.0688153,0,0,0,0,0,0,55.0688153,0,0,0,0,0,0,55.0688153
mp-22925,0,0,0,-12.879546,0,0,0,0,0,0,-12.879546,0,0,0,0,0,0,-12.879546
mp-23280,0,0,0,-1.989834,0,0,0,0,0,0,-14.372538,0,0,0,0,0,0,-2.323926
mp-23292,0,0,0,0,0,-27.5356,0.985483,-4.019034,0.274228,0,0,0,0,0,0,-46.780958,0,0
mp-2490,0,0,0,3.141959333,0,0,0,0,0,0,3.141959333,0,0,0,0,0,0,3.141959333
mp-2624,0,0,0,-2.682043,0,0,0,0,0,0,-2.682043,0,0,0,0,0,0,-2.682043
mp-27726,0,0,0,0,0,-270.335472,15.703244,-23.927106,11.356722,0,0,0,0,0,0,13.099989,0,0
mp-27821,1.304439663,-1.193149742,-0.125458408,0,0.759583509,0,0,0,0,-1.456590225,0,-1.404088981,-0.484891354,-0.831514865,2.175679383,0,-1.618623119,0
mp-28872,0,0,0,0,29.28672972,5.498789444,2.74980603,-2.749806026,-2.74E-09,29.28673028,0,0,-8.067145041,-8.067144959,49.069279,-2.10E-08,0,0
mp-2961,0,0,0,-2.988096,0,0,0,0,0,0,-2.988096,0,0,0,0,0,0,-8.649472
mp-30847,0,0,0,2.467388,0,0,0,0,0,0,2.467388,0,0,0,0,0,0,2.467388
mp-31454,0,0,0,-16.148047,0,0,0,0,0,0,-16.148047,0,0,0,0,0,0,-16.148047
mp-31703,0,0,0,-0.8259795,26.55282,0,0,0,0,26.55282,0.8259795,0,22.935258,22.935258,8.7316,0,0,-1.60E-16
mp-35208,0,0,0,-20.31694,0,0,0,0,0,0,-20.31694,0,0,0,0,0,0,-20.31694
mp-35777,0,0,0,-7.737495,0,0,0,0,0,0,-7.737495,0,0,0,0,0,0,-8.92128
mp-36248,0,0,0,22.09172133,0,0,0,0,0,0,22.09172133,0,0,0,0,0,0,22.09172133
mp-36526,0,0,0,-20.29192,0,0,0,0,0,0,-20.29192,0,0,0,0,0,0,-20.29192
mp-3668,0,0,0,-1.820391,0,0,0,0,0,0,-1.820391,0,0,0,0,0,0,2.77134
mp-37657,0,0,0,0,-3.834332717,0,0,0,0,-3.834333284,0,0,-3.460058715,-3.460059285,8.835862,0,0,0
mp-38103,-2.49E-17,-2.43E-17,6.37E-17,0.962442904,-1.90E-07,-9.73E-18,-1.26E-17,1.02E-18,-9.37E-18,-1.90E-07,0.962443284,3.67E-17,2.32E-06,1.60E-06,-6.43E-07,1.21E-16,-4.56E-16,-9.038008928
mp-38970,4.221166846,-1.294934829,-0.303468535,0,-0.190401571,0,0,0,0,-6.545880004,0,-4.739253796,-1.138805562,-1.007046546,2.332901946,0,0.851382142,0
mp-3934,0,0,0,0,10.340136,0,0,0,0,9.740831,0,0,3.702208,2.754724,-5.68952,0,0,0
mp-4008,0,0,0,2.247192,0,0,0,0,0,0,2.247192,0,0,0,0,0,0,4.489025
mp-40143,2.82E-07,-4.56E-08,4.52E-07,9.49E-14,-2.878493113,-3.02E-07,-1.46E-08,-3.17E-07,-1.14E-07,-2.87849225,9.49E-14,3.36E-07,1.470122032,1.470120862,-1.942074714,2.65E-07,1.34E-06,6.25E-14
mp-406,0,0,0,0.450901,0,0,0,0,0,0,0.450901,0,0,0,0,0,0,0.450901
mp-409,-1.922545362,1.922545667,-6.64E-09,0,0,-1.38E-14,-2.08E-07,-2.08E-07,1.54E-08,0,0,3.845090903,0,0,0,0,0,0
mp-4533,0,0,0,0,1.931136,0,0,0,0,-7.02399,0,0,-3.067217,-1.442162,6.003712,0,0,0
mp-4559,-3.23E-08,-3.69E-08,2.01E-08,-5.15E-08,-1.27880007,-1.412149454,-0.706074752,0.706074726,4.34E-10,-1.278800069,-1.43E-08,-9.10E-09,-0.375198539,-0.375198532,11.42802516,2.01E-09,9.30E-08,2.67E-07
mp-4964,0,0,0,-9.553602,0,0,0,0,0,0,-9.553602,0,0,0,0,0,0,-9.553602
mp-5048,0,0,0,1.4924,0,0,0,0,0,0,1.4924,0,0,0,0,0,0,1.423672
mp-540111,0.110004,3.879344,-2.570963,0,0,0,0,0,0,0,0,6.57096,0,0,0,0,-7.247448,0
mp-542136,0,0,0,0,-0.549330033,-1.647214788,-0.825329004,0.825328958,1.74E-08,-0.549329968,0,0,-0.401533004,-0.401532996,1.43277,9.63E-10,0,0
mp-553432,1.194648411,-1.194648519,1.15E-08,4.611784519,0,0,0,0,0,0,-4.611784481,-2.39502807,0,0,0,0,0,0
mp-554144,0,0,0,0,0,0,0,0,0,0,0,0,0,0,0,0,0,0
mp-554769,-2.42E-07,7.23E-07,3.16E-07,5.622576439,1.68E-06,1.12E-06,1.45E-06,-4.86E-07,6.34E-07,1.68E-06,5.622577565,5.57E-07,2.18E-06,9.50E-07,-7.27E-07,1.12E-06,5.57E-07,5.622576428
mp-555321,-9.203877,0.557611,4.392663,0,0,0,0,0,0,0,0,90.598472,0,0,0,0,0.292695,0
mp-561543,6.96E-20,7.11E-21,3.21E-21,-3.638354614,-2.31E-31,2.64E-35,7.59E-21,7.01E-20,7.59E-21,-2.31E-31,-3.638354614,-2.64E-35,1.99E-16,-1.99E-16,3.53E-20,2.64E-35,-2.64E-35,-3.638354614
mp-561664,0,0,0,16.310166,0,0,0,0,0,0,9.374406,0,0,0,0,0,0,0
mp-568598,0,0,0,-12.154059,0,0,0,0,0,0,-12.154059,0,0,0,0,0,0,-10.870356
mp-569779,0,0,0,-5.767822667,0,0,0,0,0,0,-5.767822667,0,0,0,0,0,0,-5.767822667
mp-570213,0,0,0,1.133127,0,0,0,0,0,0,1.133127,0,0,0,0,0,0,1.133127
mp-5724,0,0,0,3.101154197,0,-4.350257725,-1.272882776,2.523945856,-2.038119178,0,-0.76354954,0,0,0,0,-2.555745148,0,0.32178208
mp-5928,0,0,0,6.482016,2.9869325,0,0,0,0,-2.9869325,6.482016,0,1.425025,-1.425025,-4.72E-17,0,0,7.028716
mp-604884,0,0,0,0,0,1.409922416,0.684819488,-0.684819594,-2.88E-08,0,0,0,0,0,0,0,0,0
mp-625998,-7.504301,5.791435,-5.119104,0,-0.426459,0,0,0,0,0.028945,0,1.945104,0.04758,-0.011895,0.035685,0,10.051275,0
mp-626785,0,0,0,0,0,0,0,0,0,-19.69344,0,0,-0.427552,10.037104,-5.135808,0,0,0
mp-632296,0,0,0,0,0,4787.250271,-9.656349,572.991214,-82.130125,0,0,0,0,0,0,-7.341796,0,0
mp-643432,0,0,0,27.376068,0,0,0,0,0,0,25.263579,0,0,0,0,0,0,7.56789
mp-644223,0,0,0,0,18.90029122,0,0,0,0,18.90028441,0,0,-1.121321244,-1.121320756,3.747408,0,0,0
mp-644419,0,0,0,0,0,31.97404548,-0.788451236,2.754955975,-1.442843188,0,0,0,0,0,0,6.057002527,0,0
mp-672234,0,0,0,0,0,0,0,0,0,0,0,0,0,0,0,0,0,0
mp-677103,-1.898802,-1.716834,-0.362833,0,0,0,0,0,0,0,0,-2.422144,0,0,0,0,0,0
mp-677335,0,0,0,-0.8168925,2.2888635,0,0,0,0,-2.2888635,-0.8168925,0,4.2312795,-4.2312795,-2.22E-16,0,0,-13.804187
mp-685935,0.249125643,-1.493125118,9.596314807,0,2904.316887,0,0,0,0,-11.42858541,0,0,-1.818389258,-8.626645915,-0.186275898,0,-35.38335436,0
mp-696752,0,0,0,28.6258,0,0,0,0,0,0,2.7660835,0,0,0,0,0,0,2.7660835
mp-755309,0,0,0,-1.339154667,0,0,0,0,0,0,-1.339154667,0,0,0,0,0,0,-1.339154667
mp-755769,0,0,0,0,0,0,0,0,0,0,0,0,0,0,0,0,0,0
mp-756638,-2.232,-0.250356,-0.250356,0,0,0,0,0,0,0,0,21.891392,0,0,0,0,21.891392,0
mp-760375,0,0,0,18.710678,0,0,0,0,0,0,18.710678,0,0,0,0,0,0,18.710678
mp-760396,2.822109204,-0.914384353,-0.914384353,-4.03E-22,1.27E-24,1.92E-26,1.28E-26,-4.14E-26,3.01E-28,1.85E-47,5.73E-51,6.30786623,9.00E-25,-2.72E-25,-2.72E-25,-1.20E-46,6.30786623,5.73E-51
mp-770690,2.25241782,-2.252418141,2.79E-08,-2.686897115,4.626116567,-2.637311166,-1.318655202,1.318655925,-2.10E-07,4.626116969,2.68689567,-4.504835624,-0.626749642,-0.626749462,6.775295772,-4.95E-07,6.29E-08,-2.50E-07
mp-774146,-40.680781,23.203908,8.617471,0,0,0,0,0,0,0,0,6.1048,0,0,0,0,-0.62356,0
mp-7906,0,0,0,8.551704,-5.868342,0,0,0,0,5.868342,8.551704,0,-4.00008,4.00008,-1.34E-16,0,0,6.01316
mp-804,0,0,0,0,-1.546396418,0,0,0,0,-1.54639659,0,0,-0.956804925,-0.956805075,1.68335,0,0,0
mp-850275,0,0,0,1.313284,0,0,0,0,0,0,1.313284,0,0,0,0,0,0,1.313284
mp-9198,0.438891269,-0.114439854,-0.341009825,-0.541400847,1.004901957,-0.432492903,-0.211288655,-0.030559199,0.19995285,-0.005444472,-0.306717488,-0.283197768,0.669779083,-0.165494707,-0.291738156,0.453414928,-0.343346868,-0.431976897
mp-961693,0,0,0,-4.936627936,0,0,0,0,0,0,-4.936627936,0,0,0,0,0,0,-4.936627936
mp-976280,0,0,0,0,14.28471325,0,0,0,0,14.28470686,0,0,4.813865751,4.813862249,-10.805902,0,0,0
mp-977011,-149.266758,23.34686315,18.26201963,0,35.06692959,0,0,0,0,9.379751962,0,-115.2193819,-44.66515968,9.467425797,-12.72578714,0,-148.377751,0
mp-991676,0,0,0,3.051497,0,0,0,0,0,0,3.051497,0,0,0,0,0,0,3.051497
mp-9946,0,0,0,0,-1.102490956,0,0,0,0,-1.102491246,0,0,-0.550479884,-0.550480116,0.866872,0,0,0
mp-999498,0,0,0,-0.141673,0,0,0,0,0,0,-0.141673,0,0,0,0,0,0,-0.141673
mp-10044,0,0,0,-0.331936,0,0,0,0,0,0,-0.331936,0,0,0,0,0,0,-0.331936
mp-1008506,0,0,0,0,-7.661881891,10.13703579,5.05702892,-5.057050442,7.80E-06,-7.697639312,0,0,-0.263888665,-0.263771337,6.210352109,4.90E-05,0,0
mp-1009828,0,0,0,0,40.0852415,0,0,0,0,40.0852415,0,0,-3.477081,-3.477081,3.576714,0,0,0
mp-1014251,0,0,0,0,17.05322133,-17.46314234,-8.879577248,8.879577712,-1.21E-07,17.24857542,0,0,0.393323982,0.393324018,-1.235411,-2.31E-09,0,0
mp-1029932,0,0,0,0,4.087548,0,0,0,0,1.464109,0,0,-6.014562,-3.600668,17.108083,0,0,0
mp-10614,0,0,0,0,0,-16.93323389,-8.435603938,8.435604667,-8.01E-08,0,0,0,0,0,0,0,0,0
mp-10615,0,0,0,0,0,-13.89958235,-6.96914999,6.969150158,-2.64E-08,0,0,0,0,0,0,0,0,0
mp-11025,0,0,0,0.509795,0,0,0,0,0,0,-0.509795,0,0,0,0,0,0,0
mp-11342,0,0,0,0,-2.802585144,-5.753468974,-2.868177268,2.868177107,7.20E-08,-2.820143973,0,0,-0.046033405,-0.046033607,0.536343826,-7.59E-08,0,0
mp-11661,0,0,0,-9.942568,0,0,0,0,0,0,-9.942568,0,0,0,0,0,0,-9.942568
mp-11836,0,0,0,5.836254667,0,0,0,0,0,0,5.836254667,0,0,0,0,0,0,5.836254667
mp-1190,0,0,0,-1.530012,0,0,0,0,0,0,-1.530012,0,0,0,0,0,0,-1.530012
mp-1222,-3.02E-23,-3.02E-23,1.37E-22,-2.732412082,1.73E-17,6.53E-25,-1.48E-22,-2.17E-22,1.34E-22,-1.73E-17,2.732412238,3.00E-24,0,0,0,0,0,0
mp-12403,-4.572230647,4.572230765,-3.77E-08,-6.988030486,0,0,0,0,0,0,6.988030514,9.138962335,0,0,0,0,0,0
mp-13308,0,0,0,-15.49576,0,0,0,0,0,0,-15.49576,0,0,0,0,0,0,-15.49576
mp-13542,-9.911048,-10.971848,1.082122,0,0,0,0,0,0,0,0,-20.793696,0,0,0,0,-2.2368,0
mp-13949,0,0,0,-1.590183,-0.9595665,0,0,0,0,0.9595665,-1.590183,0,-1.202335,1.202335,-4.36E-17,0,0,-3.661228
mp-14092,0,0,0,3.756435,0,0,0,0,0,0,3.756435,0,0,0,0,0,0,-1.762432
mp-14168,0,0,0,0,-6.111290841,0,0,0,0,-6.111289123,0,0,-1.803288861,-1.803287139,-2.984576,0,0,0
mp-15703,0,0,0,-1.2460905,0,0,0,0,0,0,-1.2460905,0,0,0,0,0,0,-0.22119
mp-16314,0,0,0,9.717888,0,0,0,0,0,0,9.717888,0,0,0,0,0,0,9.717888
mp-1700,0,0,0,2.772616,0,0,0,0,0,0,2.772616,0,0,0,0,0,0,2.772616
mp-17095,0,0,0,-29.121147,0,0,0,0,0,0,-13.994344,0,0,0,0,0,0,-17.045875
mp-18105,0,0,0,-13.380712,0,0,0,0,0,0,-14.139948,0,0,0,0,0,0,9.553257
mp-18939,0.000858583,-0.001844504,-0.000436622,15.14995265,-0.002475067,0.004580728,0.006518251,-0.003038236,0.001542324,-0.002475067,15.14959926,-0.001298145,-0.003522139,-0.000833409,0.001641407,0.004580728,-0.001298145,15.14984903
mp-19,-86.30222914,86.30222281,2.04E-06,-72.18730031,0,0,0,0,0,0,72.30587893,172.7488453,0,0,0,0,0,0
mp-19128,0,0,0,0,-8.350363132,0,0,0,0,-8.350365209,0,0,-3.202002719,-3.202003281,8.157968,0,0,0
mp-19376,-2.82E-06,-5.89E-06,7.31E-07,1.52E-05,59.68156408,-30.70695311,-15.35347247,15.35347655,7.24E-10,59.68156406,1.08E-05,-6.14E-06,0.046283575,0.046283582,16.84860171,-1.77E-09,-1.79E-06,4.89E-06
mp-19765,0,0,0,-6.107664,-0.335312,0,0,0,0,0.335312,-6.107664,0,-1.8025835,1.8025835,2.34E-17,0,0,-8.854235
mp-20731,0,0,0,6.4223505,-1.1414,0,0,0,0,1.1414,6.4223505,0,-2.257868,2.257868,-1.63E-17,0,0,10.117742
mp-20817,0,0,0,0,4.346534,0,0,0,0,1.75788,0,0,1.54919,-1.872659,0.204948,0,0,0
mp-2133,0,0,0,0,-10.43349584,0,0,0,0,-10.43350398,0,0,-4.649844313,-4.649849687,9.30785,0,0,0
mp-21489,0,0,0,0,-4.158666,0,0,0,0,6.973076,0,0,-98.096069,70.383501,19.249245,0,0,0
mp-22691,0,0,0,0,-11.95160886,-4.551704886,-2.280532772,2.280532591,7.95E-08,-11.95160724,0,0,-0.221978017,-0.221977983,1.739362,1.14E-08,0,0
mp-23173,0,0,0,0,0,-21.902523,2.761525,-19.927658,8.087036,0,0,0,0,0,0,-68.243175,0,0
mp-23297,-63.045527,24.913557,25.927961,0,0,0,0,0,0,0,0,-0.658376,0,0,0,0,4.91175,0
mp-23797,0,0,0,0,-9.044906056,0,0,0,0,-9.044908355,0,0,0.229291792,0.229292208,3.507336,0,0,0
mp-239,0,0,0,13.560048,0,0,0,0,0,0,17.8227615,0,0,0,0,0,0,17.8227615
mp-27579,0,0,0,5.991284,0,0,0,0,0,0,4.2588,0,0,0,0,0,0,2.440368
mp-27608,4.91E-18,-1.43E-17,-1.18E-17,-0.479899318,-4.88E-33,-1.43E-17,-1.43E-17,4.91E-18,-1.18E-17,-2.91E-33,-0.479899318,-1.43E-17,-2.39E-18,2.39E-18,1.60E-33,-1.43E-17,-1.43E-17,-0.479899318
mp-27934,0,0,0,0,-6.521130407,0,0,0,0,-6.521129671,0,0,-0.015851,-0.015851,0.185627,0,0,0
mp-28020,0,0,0,5.2979225,0,0,0,0,0,0,5.2979225,0,0,0,0,0,0,15.465315
mp-29136,4.471134,-1.909581,-1.909581,0,0,0,0,0,0,0,0,-8.691624,0,0,0,0,-8.691624,0
mp-29403,0,0,0,6.89216,-3.2396,0,0,0,0,3.2396,6.89216,0,-1.931472,1.931472,-2.92E-17,0,0,-7.959696
mp-29761,0,0,0,0,-1.669908,0,0,0,0,10.109952,0,0,2.575372,-2.243465,-3.819868,0,0,0
mp-30148,0,0,0,1.786708,0,0,0,0,0,0,1.776566,0,0,0,0,0,0,1.56321
mp-30452,0,0,0,-4.76648,0,0,0,0,0,0,-4.76648,0,0,0,0,0,0,-4.76648
mp-306,-2.107212841,2.107212414,2.95E-09,3.857734588,-1.80E-07,1.44E-07,-4.33E-07,-5.05E-07,1.40E-08,7.69E-07,-3.857735208,4.2144255,0,0,0,0,0,0
mp-3107,0,0,0,0,-7.788680787,8.770364409,4.442770475,-4.442770618,6.18E-08,-7.851208215,0,0,-1.066727927,-1.066728073,-0.178595,2.31E-08,0,0
mp-31451,0,0,0,-13.431488,0,0,0,0,0,0,-13.431488,0,0,0,0,0,0,-13.431488
mp-32669,0,0,0,0,0,12.31353,-0.40495,2.845897,0.498092,0,0,0,0,0,0,1.385202,0,0
mp-3277,0,0,0,-0.4431515,2.994006,0,0,0,0,-2.994006,-0.4431515,0,3.0166385,-3.0166385,0,0,0,-9.248966
mp-34293,0,0,0,-6.218927,0,0,0,0,0,0,-6.218927,0,0,0,0,0,0,-1.07536
mp-344,0.596509087,-0.764046826,0.728596409,0,0.212618864,0,0,0,0,3.805986775,0,-4.847004192,0.755566681,1.046278885,-6.883597541,0,-1.066144795,0
mp-34903,0,0,0,2.4816555,0,0,0,0,0,0,2.4816555,0,0,0,0,0,0,5.445905
mp-35035,0,0,0,0,0,-101.9367943,-3.820390349,1.288390306,2.878738665,0,0,0,0,0,0,13.29953576,0,0
mp-3532,0,0,0,0,-6.293237785,6.216452649,3.092603723,-3.092603911,7.71E-08,-6.274667126,0,0,1.229057971,1.229058029,-2.309835,-9.41E-09,0,0
mp-36209,0,0,0,0,-8.402635894,4.989496423,2.495441429,-2.495441656,8.25E-08,-8.378643576,0,0,-0.835820785,-0.835821215,-2.39165,1.46E-07,0,0
mp-36775,0,0,0,17.126172,0,0,0,0,0,0,-17.126172,0,0,0,0,0,0,0
mp-3731,0,0,0,0,89.85155828,-54.99548941,-27.56699651,27.56699658,-1.79E-08,90.09602373,0,0,-0.757484008,-0.757483992,9.252656,3.69E-09,0,0
mp-3762,0,0,0,5.461089333,0,0,0,0,0,0,5.461089333,0,0,0,0,0,0,5.461089333
mp-3933,0,0,0,0,0.620071,0,0,0,0,-0.058311,0,0,-8.7581,-6.153261,20.55348,0,0,0
mp-40251,8.88E-14,4.17E-13,5.77E-13,-8.240256848,-3.04E-06,1.01E-06,2.93E-07,-7.84E-08,9.36E-07,-3.04E-06,-8.240254819,4.66E-13,-8.78E-07,-2.81E-06,2.35E-07,1.01E-06,4.66E-13,-8.240254819
mp-4043,0,0,0,1.854853,0,0,0,0,0,0,1.854853,0,0,0,0,0,0,1.854853
mp-4152,0,0,0,0.5505045,-3.4944,0,0,0,0,3.4944,0.5505045,0,-2.2188425,2.2188425,2.32E-17,0,0,0.08673
mp-4182,0,0,0,0,36.07541187,-12.88639737,-6.496211771,6.496211597,6.43E-08,36.12327864,0,0,-0.770172994,-0.770173006,2.390832,5.22E-10,0,0
mp-4452,0,0,0,-4.067982,2.11815,0,0,0,0,-2.11815,-4.067982,0,1.3836475,-1.3836475,1.12E-16,0,0,-6.066542
mp-4586,0,0,0,-2.0030085,0,0,0,0,0,0,-2.0030085,0,0,0,0,0,0,-4.581788
mp-4666,0,0,0,-2.951745,0,0,0,0,0,0,-2.951745,0,0,0,0,0,0,1.336349
mp-4731,8.162798567,-8.162798921,7.22E-08,0,0,0,0,0,0,0,0,-16.32559851,0,0,0,0,0,0
mp-510346,0,0,0,0,0,25.0856,-3.703734,-23.078052,3.284373,0,0,0,0,0,0,-5.068217,0,0
mp-546711,0,0,0,-4.962148,0,0,0,0,0,0,-4.962148,0,0,0,0,0,0,-4.962148
mp-555434,0,0,0,0,0,0,0,0,0,0,-4.333644,0,0,0,0,0,0,4.333644
mp-557373,0,0,0,76.442829,0,0,0,0,0,0,76.442829,0,0,0,0,0,0,-2.443959
mp-558645,0,0,0,0,0,0,0,0,0,0,0,0,0,0,0,0,0,0
mp-559092,-0.542385996,0.542386001,-3.45E-10,-8.069688,-0.087714,0.087714,0,0,0,0.016968,8.140434,6.596346016,0,0,0,0,0,0
mp-561258,0,0,0,0,-0.68260197,0,0,0,0,-0.68260205,0,0,-0.372113969,-0.372114034,0.613155001,0,0,0
mp-567290,0,0,0,0,-6.493864701,0,0,0,0,-6.493867552,0,0,-20.36044298,-20.36044502,58.206744,0,0,0
mp-567313,-75.58957102,75.58956089,3.28E-06,-47.19971741,0,0,0,0,0,0,47.19971159,151.0558156,0,0,0,0,0,0
mp-567503,0,0,0,0,12.54037701,0,0,0,0,12.54037295,0,0,0.030652,0.030652,-0.612846,0,0,0
mp-567505,0,0,0,0,0.512802039,0,0,0,0,0.512801966,0,0,0.085246007,0.085245993,-0.143006,0,0,0
mp-567636,0,0,0,-76.58157867,0,0,0,0,0,0,-76.58157867,0,0,0,0,0,0,-76.58157867
mp-567713,0,0,0,0,-47.35894985,4.173711847,2.081896752,-2.081896649,-3.44E-08,-47.35894565,0,0,1.31843403,1.31843397,-53.64782,-5.22E-09,0,0
mp-567817,8.991642,15.763308,-1.319629,0,0,0,0,0,0,0,0,23.373952,0,0,0,0,4.821378,0
mp-568556,2.72E-18,1.188648,-1.188648,0,0,0,0,0,0,0,0,3.23512,0,0,0,0,-3.23512,0
mp-569051,-12.903735,3.266547,-5.639947,0,0,0,0,0,0,0,0,-19.42925,0,0,0,0,-3.716232,0
mp-570081,0,0,0,0,0,0,0,0,0,0,0,0,0,0,0,0,0,0
mp-570136,0,0,0,0,8.263849829,-0.761732029,-0.380554007,0.380553978,7.92E-09,8.26257567,0,0,-0.038969997,-0.038970003,2.32465,1.66E-09,0,0
mp-570172,0,0,0,0,0,17.22565993,79.95000406,74.55191962,169.9058569,0,0,0,0,0,0,-189.6811763,0,0
mp-570377,0,0,0,11.409125,0,0,0,0,0,0,11.409125,0,0,0,0,0,0,11.409125
mp-5986,0,0,0,0,3.62793,0,0,0,0,3.62793,0,0,-10.810988,-10.810988,60.08846,0,0,0
mp-6094,0,0,0,2.899134,0,0,0,0,0,0,-16.421072,0,0,0,0,0,0,-16.421072
mp-625136,7.280255,-7.365117,-12.366427,0,0,0,0,0,0,0,0,52.699958,0,0,0,0,-19.122192,0
mp-626689,-0.250024705,0.301754709,-0.204044912,15.38968728,-0.390817285,5.629638531,-1.356612714,5.209859732,8.75134252,0.422215981,20.46090908,-0.776774916,-0.400302733,0.49216294,-0.347774728,27.45947652,-0.315423228,6.283949637
mp-632402,-1.18E-15,1.84E-15,2.18E-16,-16.75169865,-7.230625083,-4.38E-15,-1.16E-17,-4.64E-16,-1.09E-15,7.230625083,-16.75169865,2.10E-15,11.1815086,-11.1815086,-1.74E-16,3.99E-15,1.15E-16,52.60400664
mp-673624,537.3305362,-16.52441628,-329.6405923,-296.7912988,341.1104495,-284.3504961,-130.7739743,-7.245158033,78.19970184,89.74741642,-80.58169218,61.17996373,318.1919783,11.33616684,-200.1300698,-200.3877664,183.1391513,-163.2650873
mp-675349,0,0,0,0,8.437958188,4.600599814,2.299859762,-2.29986045,2.38E-07,8.461181742,0,0,0.887496331,0.887497669,2.901808,4.79E-07,0,0
mp-684969,0,0,0,0,0,0,0,0,0,0,0,0,0,0,0,0,0,0
mp-685146,-1.003053,2.370837,-0.541051,0,0,0.060234,0.055069,-0.055069,-0.007867,0,0,-6.010388,0,0,0,0.007308,1.677186,0
mp-717,0,0,0,-2.21E-17,-1.160948398,0,0,0,0,-3.973556395,-5.54E-17,0,2.554634196,0.09213063,-2.038952484,0,0,1.04E-16
mp-733,3.637543488,-3.637543502,3.31E-09,-5.0898325,0,0,0,0,0,0,5.1060755,-7.32470451,0,0,0,0,0,0
mp-753195,0,0,0,30.485715,0,0,0,0,0,0,30.485715,0,0,0,0,0,0,26.343975
mp-753798,0,0,0,0,-2.684836,0,0,0,0,99.500682,0,0,-26.470046,27.274056,7.816677,0,0,0
mp-754628,2.26908,-2.301298,0.13378,0,0,0,0,0,0,0,0,-4.366118,0,0,0,0,-0.53655,0
mp-755483,0,0,0,0,-1.419677126,0.015361515,0.008897489,-0.008897496,2.12E-09,-1.419676875,0,0,-0.222512091,-0.222511909,-0.241448,2.55E-08,0,0
mp-756361,0,0,0,-6.351246,0,0,0,0,0,0,-6.351246,0,0,0,0,0,0,-6.351246
mp-7582,0,0,0,2.814588,0,0,0,0,0,0,2.814588,0,0,0,0,0,0,-11.473088
mp-760432,0,0,0,0,0.293074,0,0,0,0,-3.743311,0,0,-2.2907,-4.478415,4.50614,0,0,0
mp-761842,0,0,0,-0.672669,0,-2.289718,-0.275655,0.1086,-0.036881,0,-1.105529,0,0,0,0,3.242257,0,-6.14923
mp-762225,0,0,0,-1.399847784,0,-8.85702562,1.656526633,4.112357477,-3.72259895,0,-3.135155862,0,0,0,0,-0.65492811,0,-0.843794058
mp-765508,-5.368675148,-1.154000075,4.327881618,0.446479587,2.622847385,0.499571375,6.523236116,-2.887684113,-2.261762907,-0.384543563,3.418907441,0.38735191,3.564699888,-0.052125652,1.44906335,-3.084297949,6.114427488,-0.32027041
mp-7848,-1.18E-16,-4.91E-17,4.38E-17,-1.767475249,-4.889150322,-5.39E-17,3.83E-16,7.50E-17,-1.20E-16,4.889150322,-1.767475249,2.34E-17,-2.688542118,2.688542118,-4.53E-17,-7.62E-16,3.50E-17,-6.576243852
mp-8311,0,0,0,-8.027955,0,0,0,0,0,0,-8.027955,0,0,0,0,0,0,-9.681634
mp-864928,0,0,0,0,-1233.502441,0,0,0,0,-1233.502615,0,0,3.720538925,3.720541075,0.863534,0,0,0
mp-867695,0,0,0,17.074865,0,0,0,0,0,0,-14.6466,0,0,0,0,0,0,-14.6466
mp-871,0,0,0,7.536474,0,0,0,0,0,0,7.536474,0,0,0,0,0,0,7.536474
mp-8873,0,0,0,-2.074974,1.782396,0,0,0,0,-1.782396,-2.074974,0,0.928477,-0.928477,1.68E-18,0,0,-8.106309
mp-8884,0,0,0,0,2.375622329,0,0,0,0,2.375620771,0,0,0.776228216,0.776227784,-2.433204,0,0,0
mp-9212,0,0,0,0,-11.614546,0,0,0,0,-7.287672,0,0,-0.490004,-8.769102,10.597737,0,0,0
mp-924129,0,0,0,-0.099306667,0,0,0,0,0,0,-0.099306667,0,0,0,0,0,0,-0.099306667
mp-924130,0,0,0,-8.02499712,0,0,0,0,0,0,-8.02499712,0,0,0,0,0,0,-8.02499712
mp-961665,0,0,0,-14.16583233,0,0,0,0,0,0,-14.16583233,0,0,0,0,0,0,-14.16583233
mp-961685,0,0,0,0.356962807,0,0,0,0,0,0,0.356962807,0,0,0,0,0,0,0.356962807
mp-971683,-0.009650335,0.009826956,-6.23E-05,6.444298934,-2.650049311,-5.045786034,-2.522939876,2.523373332,-0.000152985,-2.62431827,-6.444134611,0.019640197,-0.001799079,-0.001644332,3.018059796,-6.19E-05,-4.95E-05,0
mp-9813,9.33E-07,9.33E-07,-1.85E-07,1.49E-06,-6.246132273,-4.795066313,-2.397533573,2.397532067,2.16E-07,-6.245891791,1.47E-06,6.08E-11,0.005979925,0.005979924,-3.26022653,1.50E-18,-2.61E-18,-2.84E-09
mp-9844,2.695287444,-2.69528459,-5.11E-07,-10.16898371,3.66E-16,1.93E-16,5.35E-17,1.96E-16,-6.91E-17,-5.77E-16,10.16898963,-5.390572629,0,0,0,0,0,0
mp-985592,0,0,0,18.414837,0,0,0,0,0,0,18.414837,0,0,0,0,0,0,18.414837
mp-9947,0,0,0,0,0.448247966,0.082375821,0.04118791,-0.041187886,-2.73E-09,0.448247658,0,0,0.078053924,0.07805386,-0.103036037,-2.45E-09,0,0
mp-1002124,0,0,0,-1.03565,0,0,0,0,0,0,-1.03565,0,0,0,0,0,0,-1.03565
mp-1009129,0,0,0,0,0,1.876265932,0.938132994,-0.938133069,-3.11E-09,0,0,0,0,0,0,0,0,0
mp-1018040,0,0,0,0,-8.43126442,0,0,0,0,-8.429253636,0,0,-3.814906721,-3.814056678,8.265050854,0,0,0
mp-1019550,0,0,0,0,-4.38987,0,0,0,0,-3.78832,0,0,-1.196064,-1.694504,2.672547,0,0,0
mp-1019743,0,0,0,-0.678078,0,0,0,0,0,0,-0.678078,0,0,0,0,0,0,-0.678078
mp-1025396,0,0,0,5.533216,0,0,0,0,0,0,5.533216,0,0,0,0,0,0,5.533216
mp-1025549,0,0,0,4.000798,0,0,0,0,0,0,4.000798,0,0,0,0,0,0,4.000798
mp-1029378,0,0,0,0,-4.074837,0,0,0,0,-5.058263,0,0,-4.479704,-4.41362,10.395759,0,0,0
mp-1029422,0,0,0,0,2.946645,0,0,0,0,0.682035,0,0,3.824805,0.528113,-4.880967,0,0,0
mp-10952,0,0,0,-8.3496715,0,0,0,0,0,0,-8.3496715,0,0,0,0,0,0,-2.961657
mp-10955,0,0,0,-14.0844625,-1.4050595,0,0,0,0,1.4050595,-14.0844625,0,-2.6128795,2.6128795,1.78E-17,0,0,-6.408765
mp-11390,0,0,0,-2.2026,0,0,0,0,0,0,-2.2026,0,0,0,0,0,0,-2.2026
mp-11582,0,0,0,0,-5.721192,0,0,0,0,-1.9608,0,0,-0.967648,-1.96453,2.03641,0,0,0
mp-12177,0,0,0,-4.686578085,0,37.65626174,16.60690972,2.20861741,-3.352011636,0,1.979035206,0,0,0,0,-0.924889699,0,4.551546785
mp-12411,0,0,0,-21.352941,0,0,0,0,0,0,-21.352941,0,0,0,0,0,0,-21.352941
mp-12855,0,0,0,5.2502125,0,0,0,0,0,0,5.2502125,0,0,0,0,0,0,3.31002
mp-12903,0,0,0,-21.03567,0,0,0,0,0,0,-5.809762,0,0,0,0,0,0,-5.809762
mp-13099,0,0,0,-3.961589175,0,0,0,0,0,0,-3.961589175,0,0,0,0,0,0,-3.961589175
mp-13108,0,0,0,0,87.26452196,0,0,0,0,87.26452196,0,0,-5.806032228,-5.806032228,31.38671175,0,0,0
mp-13334,0,0,0,0,6.686274235,-0.770262516,-0.363039998,0.363039987,4.85E-09,6.681368263,0,0,1.619794165,1.619793835,0.41132,-5.07E-09,0,0
mp-1340,-2.233736577,2.031547843,-0.342343119,0,1.875358996,0,0,0,0,6.215202968,0,3.727452114,1.399643292,2.370665298,-2.441962974,0,-2.168513048,0
mp-137,0,0,0,-5.66766,0,0,0,0,0,0,5.66766,0,0,0,0,0,0,0
mp-14,-112.5025236,112.5025291,-6.14E-07,57.80131912,0,0,0,0,0,0,-57.80132188,225.0480991,0,0,0,0,0,0
mp-14091,0,0,0,-10.3496895,0,0,0,0,0,0,-10.3496895,0,0,0,0,0,0,-0.897219
mp-15661,0,0,0,18.77904,0,0,0,0,0,0,18.77904,0,0,0,0,0,0,18.77904
mp-15988,0,0,0,-9.774244,0,0,0,0,0,0,-9.774244,0,0,0,0,0,0,-9.774244
mp-16376,0,0,0,-7.03902,0,0,0,0,0,0,-7.03902,0,0,0,0,0,0,-7.03902
mp-1639,0,0,0,1.972872,0,0,0,0,0,0,1.972872,0,0,0,0,0,0,1.972872
mp-18778,0,0,0,9.454988,0,0,0,0,0,0,9.454988,0,0,0,0,0,0,9.454988
mp-1880,0,0,0,0,204.321677,0,0,0,0,0,0,0,-40.928937,42.132691,2.261516,0,0,0
mp-19086,-19.27348981,19.27068148,0.001404167,7.150226196,0,0,0,0,0,0,-7.149153262,38.64402374,0,0,0,0,0,0
mp-19414,0,0,0,14.492585,0,0,0,0,0,0,14.492585,0,0,0,0,0,0,508.705756
mp-1954,-1.715929,-1.53986,-0.593528,0,0,0,0,0,0,0,0,-10.17603,0,0,0,0,-1.100099,0
mp-1986,0,0,0,-10.10086,0,0,0,0,0,0,-10.10086,0,0,0,0,0,0,-10.10086
mp-20199,0,0,0,0,0,0,0,0,0,0,0,0,0,0,0,0,0,0
mp-20261,0,0,0,0.677185,1.354704,0,0,0,0,-1.354704,0.677185,0,-0.066131,0.066131,-9.78E-19,0,0,4.243774
mp-21521,0,0,0,0,-7.105460037,0,0,0,0,210.854916,0,0,-18.47431316,20.7336247,8.007626284,0,0,0
mp-22786,0,0,0,-21.07505667,0,0,0,0,0,0,-21.07505667,0,0,0,0,0,0,-21.07505667
mp-22909,0,0,0,3.1865365,0,0,0,0,0,0,3.1865365,0,0,0,0,0,0,27.109746
mp-22958,0,0,0,0,-40.27125896,10.71255848,5.369352274,-5.369352992,3.62E-07,-40.28840383,0,0,3.366990748,3.366989252,-42.773484,1.63E-07,0,0
mp-22993,0,0,0,0.797848,0,0,0,0,0,0,0.797848,0,0,0,0,0,0,-24.383692
mp-23162,0,0,0,0,-15.42280294,-2.582590647,-1.297135477,1.297135626,-5.91E-08,-15.41094425,0,0,0.012244001,0.012243999,-1.293724,-8.50E-10,0,0
mp-23353,0,0,0,-13.026464,0,0,0,0,0,0,-13.026464,0,0,0,0,0,0,-7.94464
mp-23558,0,0,0,0,0,-17.24724,11.350158,-22.880365,4.138607,0,0,0,0,0,0,7.901764,0,0
mp-23702,0,0,0,14.659328,-12.31587,0,0,0,0,12.31587,14.659328,0,-1.495866,1.495866,-1.54E-17,0,0,-10.89546
mp-23807,0,0,0,0,0,-7.956183,-5.13577,-6.00988,2.56832,0,0,0,0,0,0,2.676562,0,0
mp-2452,0,0,0,0,-5.098645418,0,0,0,0,-37.74390809,0,0,5.522033312,-1.054346922,-15.31230796,0,0,0
mp-25886,-7.718717576,-4.066254996,-0.114167029,0,0,0,0,0,0,0,0,-22.58908276,0,0,0,0,56.5333737,0
mp-2691,0,0,0,-3.363977,0,0,0,0,0,0,-3.363977,0,0,0,0,0,0,-3.363977
mp-2739,0,0,0,-2.566969767,0,0,0,0,0,0,2.566969767,0,0,0,0,0,0,0
mp-28264,-3.129252194,2.01530221,2.177440745,-1.03E-08,0,0,0,0,0,0,-4.57E-08,52.41176119,0,0,0,0,-5.207309166,3.65E-09
mp-28460,66.329779,-7.216233,-2.108415,0,0,0,0,0,0,0,0,124.346013,0,0,0,0,98.663466,0
mp-29057,0,0,0,0,51.29064471,3.609974612,1.807665515,-1.807665372,2.52E-08,51.30149033,0,0,-0.159432047,-0.159431953,45.868739,5.97E-09,0,0
mp-29196,0,0,0,0,-16.29279084,0,0,0,0,-16.29279998,0,0,3.224405207,3.224424793,1.325661,0,0,0
mp-29362,0,0,0,-3.99607,0,0,0,0,0,0,-3.99607,0,0,0,0,0,0,-13.165948
mp-29826,0,0,0,-8.126832,0,0,0,0,0,0,-6.34525,0,0,0,0,0,0,-6.34525
mp-3159,0,0,0,-5.104918,2.069158,0,0,0,0,-2.069158,-5.104918,0,0.6511185,-0.6511185,9.79E-18,0,0,-5.711816
mp-334,0,0,0,0,-8.327007856,0,0,0,0,-8.327010149,0,0,-1.187283382,-1.187284618,-0.866718,0,0,0
mp-33880,0,0,0,0,0,0,0,0,0,0,5.486832,0,0,0,0,0,0,-5.486832
mp-35308,0,0,0,0,167.742053,68.2946801,34.14805128,-34.14805084,-2.91E-09,167.7420476,0,0,-14.36928848,-14.36928741,-1.009700744,1.24E-05,0,0
mp-3589,0,0,0,0.480396,2.474332,0,0,0,0,-2.474332,0.480396,0,1.268109,-1.268109,3.20E-17,0,0,-3.928338
mp-36066,-3.643912982,2.540165132,-0.917064369,0,4.417601516,0,0,0,0,0.585434809,0,0.445130408,-1.236350928,2.221513634,0.827424348,0,0.955667198,0
mp-36940,0,0,0,0,0,0,0,0,0,0,0,0,-0.209902486,-0.209902486,0.676478729,0,0,-4.10E-34
mp-37381,0,0,0,-19.12194,0,0,0,0,0,0,-19.12194,0,0,0,0,0,0,-19.12194
mp-37906,0,0,0,6.270246,0,0,0,0,0,0,6.270246,0,0,0,0,0,0,6.270246
mp-380,0,0,0,0,0.353130415,0,0,0,0,0.353130168,0,0,-0.077316169,-0.077315831,-0.484226,0,0,0
mp-4081,0,0,0,3.551090667,0,0,0,0,0,0,3.551090667,0,0,0,0,0,0,3.551090667
mp-4514,0,0,0,0,-169.6493141,99.49145105,49.61055198,-49.61055196,-6.27E-09,-169.6493139,0,0,0.963273994,0.963274006,-17.518191,6.06E-09,0,0
mp-4674,0,0,0,9.224665,0,0,0,0,0,0,-35.815662,0,0,0,0,0,0,-35.815662
mp-4809,0,0,0,-5.908621,5.58746,0,0,0,0,-5.58746,-5.908621,0,3.147096,-3.147096,1.88E-16,0,0,-6.365936
mp-496,0,0,0,0,0,0,0,0,0,0,0,0,0,0,0,0,0,0
mp-5020,0,0,0,0,-379.159221,-208.1152845,-104.0694572,104.0694578,-9.28E-08,-379.3265571,0,0,-6.080579015,-6.080582985,-15.672463,5.09E-06,0,0
mp-505297,0,0,0,-21.75465,0,0,0,0,0,0,-21.75465,0,0,0,0,0,0,-21.75465
mp-5238,0,0,0,-0.596292,0,0,0,0,0,0,-0.596292,0,0,0,0,0,0,-1.23018
mp-546633,0,0,0,-7.744983,0,0,0,0,0,0,-7.744983,0,0,0,0,0,0,-7.744983
mp-549706,0,0,0,0,-5.424206458,0,0,0,0,-5.424204497,0,0,-14.47128747,-14.47128453,38.207072,0,0,0
mp-554089,0,0,0,0,-1.271672408,0,0,0,0,-2.266527762,0,0,1.352349431,-1.312719285,2.373054682,0,0,0
mp-555166,0,0,0,7.55697,0,0,0,0,0,0,0.831922,0,0,0,0,0,0,-1.40525
mp-559847,0,0,0,0,128.7058077,-3.21E-15,7.08E-18,-1.10E-17,-1.70E-17,0.59393051,0,0,-7.582374335,5.457534378,7.908214683,-1.32E-15,0,0
mp-568177,0,0,0,0,6.60932766,9.034817426,4.536966984,-4.536966823,-6.93E-08,6.609327273,0,0,-2.65894401,-2.65894399,21.975345,-6.94E-09,0,0
mp-568328,0,0,0,-0.389238,0,0,0,0,0,0,0,0,0,0,0,0,0,-2.11946
mp-568656,0,0,0,0,0.427140148,0,0,0,0,0.427139878,0,0,0.01975901,0.01975899,0.018618,0,0,0
mp-568661,0,0,0,9.210732,0,0,0,0,0,0,9.210732,0,0,0,0,0,0,5.97225
mp-626620,0,0,0,0,0,0,0,0,0,116.577738,0,0,1.033104,-9.449239,1.946128,0,0,0
mp-675531,-162.513038,28.733513,-116.296415,0,0,0,0,0,0,0,0,-0.443734,0,0,0,0,-366.122088,0
mp-685097,-1.018156,-4.172716,-1.730824,0,0,0,0,0,0,0,0,-4.60837,0,0,0,0,7.094931,0
mp-690525,69.56170127,84.96710502,-274.7051682,5.00453213,-110.6226335,22.19891566,-0.076920231,-0.049026675,0.084623811,0.282799463,-2.961833371,8.166197723,101.1732941,118.0249724,-396.7464656,5.153198557,-178.933321,36.88964956
mp-753156,0,0,0,0,-8.855624488,0,0,0,0,8.855624488,0,0,-3.890608361,3.890608361,-1.95E-16,0,0,1.24E-18
mp-755478,-0.868457019,0.868456888,7.38E-08,-0.710410121,8.699259623,-6.057849053,-3.028469003,3.028469127,-6.96E-08,8.703496675,0.692495076,1.756249402,2.005853478,2.005854522,2.847328,2.12E-07,1.21E-07,0
mp-761341,-8.584308,1.216128,1.216128,0,0,0,0,0,0,0,0,-0.18252,0,0,0,0,-0.18252,0
mp-761568,0,0,0,0,-2.917014,0,0,0,0,172.098486,0,0,6.715743,-8.024686,-3.158438,0,0,0
mp-7623,0,0,0,-6.1082145,0,0,0,0,0,0,6.1082145,0,0,0,0,0,0,0
mp-768310,0,0,0,0,176.071582,-335.9076396,-167.7256157,167.725617,-7.44E-07,175.7798177,0,0,20.44349995,20.44350805,-18.559288,2.70E-06,0,0
mp-773044,449.7215951,-23.83154788,-170.0159222,0,228.3010266,0,0,0,0,55.59962654,0,-12.50086298,159.1484327,-7.72194236,-59.51700715,0,78.99406634,0
mp-774922,-28.91473631,-12.08152785,-15.08575583,-30.9643986,7.786384968,14.31123665,11.8751061,8.839621678,10.80870962,7.265355464,11.57848563,7.062778054,-0.644212324,3.076082623,2.04906083,14.15620668,3.779638945,0.443096515
mp-775808,0,0,0,0,-8.474202051,-0.038323748,-0.019251,0.019251002,-7.72E-10,-8.474203887,0,0,-5.362577321,-5.362578679,12.417645,0,0,0
mp-776952,-21.02214042,21.02214002,8.67E-08,5.81007037,-6.279637395,-2.163056344,-1.07741708,1.077416301,1.71E-07,-6.275265754,-5.730044626,41.87033167,-1.868805037,-1.868800963,-110.854026,6.22E-08,0,0
mp-8017,0,0,0,1.233945,0,0,0,0,0,0,1.233945,0,0,0,0,0,0,0.591211
mp-8059,0,0,0,1.602028928,0,0,0,0,0,0,1.602028928,0,0,0,0,0,0,1.602028928
mp-8537,0,0,0,9.39512,0,0,0,0,0,0,-9.39512,0,0,0,0,0,0,0
mp-866056,0,0,0,0,-6.231163854,0,0,0,0,-6.231161957,0,0,-12.89685279,-12.89685121,33.726985,0,0,0
mp-867699,0,0,0,-5.064906,0,0,0,0,0,0,-5.064906,0,0,0,0,0,0,7.746248
mp-8882,0,0,0,0,1.59855142,0,0,0,0,1.598551542,0,0,0.567395979,0.567396021,-1.750818,0,0,0
mp-8973,0,0,0,0,0.458766,0,0,0,0,-1.733648,0,0,0.050095,-0.830819,0.907693,0,0,0
mp-9124,0,0,0,16.62321,0,0,0,0,0,0,16.62321,0,0,0,0,0,0,16.62321
mp-9295,0,0,0,3.289808,0,0,0,0,0,0,3.289808,0,0,0,0,0,0,3.289808
mp-938,0,0,0,0,-178.8780864,-85.05126096,-42.69202841,42.69202795,2.22E-07,-178.8972953,0,0,11.29474494,11.29474506,-74.175024,-7.56E-08,0,0
mp-961675,0,0,0,-11.589125,0,0,0,0,0,0,-11.589125,0,0,0,0,0,0,-11.589125
mp-984718,0,0,0,0,-0.506587375,0,0,0,0,-0.506587633,0,0,-0.291641913,-0.291642087,0.5906,0,0,0
mp-989524,-1.88E-06,-1.11E-05,2.73E-07,2.58E-05,-276.6121967,144.9090906,72.4545393,-72.45454674,1.44E-07,-276.6122001,1.81E-05,-1.84E-05,-1.517210015,-1.517206853,-15.75279494,2.84E-06,-2.89E-06,3.62E-06
mp-9919,0,0,0,0,-0.758775575,0,0,0,0,-0.758775621,0,0,3.496859794,3.496860206,-7.18294,0,0,0
mp-999052,0,0,0,18.521046,0,0,0,0,0,0,18.521046,0,0,0,0,0,0,18.521046
mp-1008556,0,0,0,0,1.6438905,0,0,0,0,-1.6438905,0,0,1.052419,-1.052419,0,0,0,0
mp-1009087,0,0,0,1.893672,0,0,0,0,0,0,1.893672,0,0,0,0,0,0,1.873074
mp-1009818,0,0,0,0,-4.063573,0,0,0,0,4.063573,0,0,-1.3326115,1.3326115,0,0,0,0
mp-1013527,0,0,0,-1.50784,0,0,0,0,0,0,-1.50784,0,0,0,0,0,0,-1.49898
mp-1019740,0,0,0,-2.888553,0,0,0,0,0,0,-2.888553,0,0,0,0,0,0,-2.888553
mp-1023936,-6.28E-07,-6.28E-07,-1.67E-06,-2.83E-22,-9.80E-23,5.484730663,2.742365526,-2.742364233,2.92E-06,9.80E-23,1.70E-22,-3.09E-13,0,0,0,0,0,0
mp-1029313,0,0,0,0,-54.2566552,0,0,0,0,-54.25660928,0,0,-3.104503809,-3.104492191,-0.82576,0,0,0
mp-1029334,0,0,0,0,1.56462,0,0,0,0,-1.874469,0,0,-2.607219,-1.341262,3.106163,0,0,0
mp-1029403,0,0,0,0,-3.216564,0,0,0,0,1.582203,0,0,-1.589791,-0.034514,2.004491,0,0,0
mp-1029522,0,0,0,-5.399066667,0,0,0,0,0,0,-5.399066667,0,0,0,0,0,0,-5.399066667
mp-10413,0,0,0,2.960575481,0,0,0,0,0,0,2.960575481,0,0,0,0,0,0,2.960575481
mp-10616,0,0,0,0,0,-13.42348022,-6.71174002,6.711739761,3.90E-08,0,0,0,0,0,0,0,0,0
mp-10623,0,0,0,-6.772243333,0,0,0,0,0,0,-6.772243333,0,0,0,0,0,0,-6.772243333
mp-10695,0,0,0,1.164204,0,0,0,0,0,0,1.164204,0,0,0,0,0,0,1.164204
mp-11175,0,0,0,0.683336,1.474531,0,0,0,0,-1.474531,0.683336,0,1.493193,-1.493193,-8.78E-18,0,0,-12.132978
mp-13150,0,0,0,0,3.73779985,1.313729352,0.638394787,-0.638394701,-7.83E-09,3.775642631,0,0,0.016643097,0.016643435,-8.343725621,7.95E-08,0,0
mp-14090,0,0,0,1.901025628,0,0,0,0,0,0,1.901025628,0,0,0,0,0,0,0.678668353
mp-18968,0,0,0,0,-7.047326,0,0,0,0,-8.697892,0,0,-5.630001,-3.932718,10.570044,0,0,0
mp-19896,0,0,0,228.152214,0,0,0,0,0,0,228.152214,0,0,0,0,0,0,-35.06958
mp-20337,0,0,0,0,0,47.244465,-4.861748,-15.157795,7.789496,0,0,0,0,0,0,0,0,0
mp-20832,0,0,0,-4.7946045,-2.7765585,0,0,0,0,2.7765585,-4.7946045,0,-2.0921245,2.0921245,2.61E-17,0,0,-3.940293
mp-22811,0,0,0,-7.034907902,0,0,0,0,0,0,-7.034907902,0,0,0,0,0,0,-6.328103573
mp-2340,3.070639993,-3.07064,1.63E-09,0,0,0,0,0,0,0,0,-6.141280007,0,0,0,0,0,0
mp-23866,0,0,0,-1.10432,0,0,0,0,0,0,5.125974,0,0,0,0,0,0,4.905936
mp-2488,0,0,0,8.965069,0,0,0,0,0,0,8.965069,0,0,0,0,0,0,8.965069
mp-252,0,0,0,-3.40168,0,0,0,0,0,0,-3.40168,0,0,0,0,0,0,-3.40168
mp-2534,0,0,0,5.764904,0,0,0,0,0,0,5.764904,0,0,0,0,0,0,5.764904
mp-2653,0,0,0,0,1.180785068,0,0,0,0,1.180784928,0,0,0.472421031,0.472420969,-1.175434,0,0,0
mp-27367,41.346779,-14.38767,-5.517203,0,0,0,0,0,0,0,0,2.241297,0,0,0,0,16.684564,0
mp-28369,0,0,0,1.59E-15,0,101.7531257,-37.8126575,51.20508149,62.22286273,0,2.44E-15,0,0,0,0,16.51150938,0,1.64E-15
mp-28980,0,0,0,12.701271,0,0,0,0,0,0,12.701271,0,0,0,0,0,0,12.701271
mp-29145,0,0,0,29.469975,0,0,0,0,0,0,29.469975,0,0,0,0,0,0,29.469975
mp-2979,0,0,0,0,-2.62925,0,0,0,0,-1.802619,0,0,-1.077779,-1.095351,1.734803,0,0,0
mp-3078,0,0,0,2.67288,0,0,0,0,0,0,2.67288,0,0,0,0,0,0,-4.745606
mp-31235,-3.314644975,3.314645003,-8.92E-09,0,0,0,0,0,0,0,0,6.629290022,0,0,0,0,0,0
mp-34857,-3.704912745,0.876321559,1.866980649,0,-18.216878,0,0,0,0,-5.370680888,0,-5.537328875,-2.40389851,-0.647789483,0.165012625,0,67.48394102,0
mp-3524,0,0,0,-0.924462,0,0,0,0,0,0,-0.924462,0,0,0,0,0,0,-10.269944
mp-36033,0,0,0,-21.24437233,0,0,0,0,0,0,-21.24437233,0,0,0,0,0,0,-21.24437233
mp-3677,0,0,0,0,-5.089987,0,0,0,0,-2.377032,0,0,-1.336761,-4.00481,5.831868,0,0,0
mp-38194,0,0,0,-18.84036,0,0,0,0,0,0,-18.84036,0,0,0,0,0,0,-18.84036
mp-3881,-14.451356,1.014943,7.184585,0,0,0,0,0,0,0,0,92.54737,0,0,0,0,1.5738,0
mp-402,0,0,0,0,0.393278,0,0,0,0,0.87955,0,0,-0.560849,-0.651658,0.446889,0,0,0
mp-4025,0,0,0,-5.051593,0,0,0,0,0,0,-5.051593,0,0,0,0,0,0,-5.051593
mp-41283,-4.31E-08,1.54E-07,-2.34E-07,1.574676995,7.77E-14,-5.73E-07,4.63E-07,-1.29E-07,-7.02E-07,7.77E-14,1.574676995,-1.91E-07,1.85E-14,-2.81E-14,6.42E-14,-5.73E-07,-1.91E-07,1.574677377
mp-4187,0,0,0,0,-0.663938,0,0,0,0,-18.994394,0,0,1.45234,-0.675624,0.499634,0,0,0
mp-4627,0,0,0,0,1.164776578,0,0,0,0,0.515433358,0,0,0.589120005,-0.021448649,0.005273335,0,0,0
mp-471,0,0,0,0,0,0,0,0,0,0,12.516816,0,0,0,0,0,0,-12.516816
mp-4730,0,0,0,4.1029775,-3.934735,0,0,0,0,3.934735,4.1029775,0,-0.600173,0.600173,-7.61E-18,0,0,5.046898
mp-4979,0,0,0,-2.496096,0,0,0,0,0,0,-2.496096,0,0,0,0,0,0,-2.665366
mp-510347,0,0,0,0,0,4.459475,-1.628875,-9.953894,2.890837,0,0,0,0,0,0,0.626355,0,0
mp-510421,0,0,0,0,83.591995,0,0,0,0,2.971125,0,0,0.726342,-26.27162,98.496792,0,0,0
mp-5342,0,0,0,-9.280113,0,0,0,0,0,0,-9.280113,0,0,0,0,0,0,-1.13668
mp-539,-1.255977115,1.194015119,-0.218655471,0,1.22766755,0,0,0,0,-2.311999842,0,-2.820151631,4.701913888,3.544155026,-3.001574681,0,-5.439270774,0
mp-546679,0,0,0,0,6.7491035,0,0,0,0,6.7491035,0,0,-3.846194,-3.846194,11.347562,0,0,0
mp-555760,8.238782458,-8.238782493,1.42E-10,16.17802047,0,0,0,0,0,0,-16.17802053,-16.4780833,0,0,0,0,0,0
mp-558852,0,0,0,0,0,0,0,0,0,0,0,0,0,0,0,0,0,0
mp-5621,0,0,0,0.190945333,0,0,0,0,0,0,0.190945333,0,0,0,0,0,0,0.190945333
mp-567885,0,0,0,0,0,2.525176036,1.296712007,-1.296711956,-7.36E-08,0,0,0,0,0,0,0,0,0
mp-569114,0,0,0,4.060552,0,0,0,0,0,0,1.930185,0,0,0,0,0,0,-4.153916
mp-569450,0.410182969,-0.801415607,0.103631606,0,0,0,0,0,0,0,0,-1.962206412,0,0,0,0,0.473380193,0
mp-570922,0,0,0,0,-107.977098,0,0,0,0,107.977098,0,0,-4.4072355,4.4072355,1.11E-16,0,0,0
mp-571195,-0.218787248,-0.177037249,-0.161088499,0.716030995,-3.58008098,-4.674165211,-3.919573998,4.061524068,0.091849969,-3.222348842,0.242901261,0.300600013,-2.490978959,-2.490979041,4.981045,-0.036098999,0.036099001,-0.072506
mp-5782,0,0,0,11.02933,0,0,0,0,0,0,11.02933,0,0,0,0,0,0,3.4224
mp-625094,-7.339954891,4.172174746,1.094751705,-6.902008723,-12.76035432,14.76954476,-2.723221508,8.414023338,-0.269017076,11.26309805,-3.268990611,-1.41401724,-2.228829546,5.701215693,-6.421458989,17.11449088,-12.42098067,-6.148933121
mp-634,28.32254182,-28.32254089,-1.13E-07,21.41891723,0,0,0,0,0,0,-21.44586577,-56.64792829,0,0,0,0,0,0
mp-640885,0,0,0,0,0.040599,0,0,0,0,0,0,0,0.136276,-0.600343,-0.093677,0,0,0
mp-643431,1.28E-17,2.701759255,-2.701759255,-14.83572616,7.86E-16,1.61E-16,-1.00E-16,-1.40E-16,-1.03E-17,-1.45E-16,0.370581732,2.183043416,5.34E-17,-1.25E-17,7.11E-17,1.40E-16,-2.183043416,0.370581732
mp-675634,-163.2466864,43.6799221,-25.09860768,60.24408007,167.8103639,70.28318943,-33.59448007,9.972319014,-4.876238451,19.19648489,68.49592094,8.815461699,10.6902641,10.39507972,-11.83261654,-4.005217926,-25.20849308,9.388409983
mp-684580,0,0,0,0,19.298356,0,0,0,0,-18.43906,0,0,14.288976,-15.226488,1.734936,0,0,0
mp-685991,-0.079458991,0.013243165,0.02648633,-0.001332231,-5.29726607,0.152318355,0.091340611,1.201498244,-0.61954792,3.359266124,0.008280409,-0.026312789,-1.620229569,2.932071555,-2.670039211,-0.08801114,-0.061421201,0.000689382
mp-6870,0.034774998,-0.034775,8.58E-10,1.1278255,0,0,0,0,0,0,-1.1278255,-0.069550001,0,0,0,0,0,0
mp-697111,-9.010282648,-1.218944566,0.509739614,0,0,0,0,0,0,0,0,38.55495211,0,0,0,0,-10.57634825,0
mp-7204,0,0,0,0,21.35467024,0,0,0,0,21.35467391,0,0,6.334413068,6.334414932,-7.201066,0,0,0
mp-752463,0,0,0,0,133.0383,0,0,0,0,133.0383,0,0,5.099748,5.099748,-2.079488,0,0,0
mp-752826,1.331157242,-0.807200753,-0.720440323,0.896832475,13.29510787,-13.84620166,-1.495597385,1.701373179,-0.230868034,2.136029133,3.492232365,-2.647694349,1.40807029,0.98922747,-1.228605976,-0.603654869,-7.490310295,2.108214251
mp-753946,0,0,0,0,0,0,0,0,0,0,0,0,0,0,0,0,0,0
mp-754009,0,0,0,0,-72.45635595,51.04091589,25.46990258,-25.46990138,-4.30E-07,-72.31013358,0,0,-7.684493505,-7.684486495,-14.478978,2.13E-06,0,0
mp-754718,-9.179615,0.81847,0.035754,0,0,0,0,0,0,0,0,-22.75776,0,0,0,0,63.876488,0
mp-755018,0,0,0,0,-353.7814062,-248.6973807,-124.3486838,124.3486824,2.47E-07,-353.7813826,0,0,-11.97225575,-11.97225225,-19.030282,-2.58E-06,0,0
mp-7583,0,0,0,-0.469104,0,0,0,0,0,0,-0.469104,0,0,0,0,0,0,8.655045
mp-760415,0,0,0,7.64244,0,0,0,0,0,0,7.64244,0,0,0,0,0,0,10.567558
mp-760492,0,0,0,0,0,0,0,0,0,0,0,0,0,0,0,0,0,0
mp-762268,-1.803615346,2.217010179,-3.726320553,5.14136374,1.534925117,-8.772018147,-0.580241291,4.1195019,-4.894755935,2.853288483,-20.02687375,0.229641958,3.848147185,-3.571560519,5.797264609,-6.808249307,7.064714467,7.891189064
mp-774155,0,0,0,2.043494803,0,-4.995166403,0.058066202,-2.208528376,0.781461618,0,-0.821611938,0,0,0,0,1.812316386,0,1.374904973
mp-8415,5.150193658,-5.150193519,-2.52E-08,0,0,0,0,0,0,0,0,-10.30038682,0,0,0,0,0,0
mp-867689,0,0,0,0,0,-3.98404,-12.050139,-28.51366,-17.557089,0,0,0,0,0,0,-10.84554,0,0
mp-8883,0,0,0,0,13.44973563,0,0,0,0,13.44973923,0,0,1.07462989,1.07463011,-4.011632,0,0,0
mp-9575,0,0,0,0,-1.851694337,0,0,0,0,-1.851693403,0,0,2.235092611,2.235091389,-6.545187,0,0,0
mp-961682,0,0,0,-0.58518805,0,0,0,0,0,0,-0.58518805,0,0,0,0,0,0,-0.58518805
mp-961687,0,0,0,-2.058924997,0,0,0,0,0,0,-2.058924997,0,0,0,0,0,0,-2.058924997
mp-961698,0,0,0,3.414888,0,0,0,0,0,0,3.414888,0,0,0,0,0,0,3.414888
mp-9711,0,0,0,0,0,0.464422,0.541824,-1.184495,0.683931,0,0,0,0,0,0,2.223624,0,0
mp-9808,0,0,0,-8.892702,0,0,0,0,0,0,-8.892702,0,0,0,0,0,0,-57.409842